x,y,LATITUDE,LONGITUDE,STATION_NAME,CLIMATE_IDENTIFIER,ID,LOCAL_DATE,LAST_UPDATED,PROVINCE_CODE,ENG_PROVINCE_NAME,FRE_PROVINCE_NAME,LOCAL_YEAR,LOCAL_MONTH,NORMAL_MEAN_TEMPERATURE,MEAN_TEMPERATURE,DAYS_WITH_VALID_MEAN_TEMP,MIN_TEMPERATURE,DAYS_WITH_VALID_MIN_TEMP,MAX_TEMPERATURE,DAYS_WITH_VALID_MAX_TEMP,NORMAL_PRECIPITATION,TOTAL_PRECIPITATION,DAYS_WITH_VALID_PRECIP,DAYS_WITH_PRECIP_GE_1MM,NORMAL_SNOWFALL,TOTAL_SNOWFALL,DAYS_WITH_VALID_SNOWFALL,SNOW_ON_GROUND_LAST_DAY,NORMAL_SUNSHINE,BRIGHT_SUNSHINE,DAYS_WITH_VALID_SUNSHINE,COOLING_DEGREE_DAYS,HEATING_DEGREE_DAYS
-77.8788888888889,45.07138888888889,45.071,-77.879,BANCROFT AUTO,616I001,26799.2005.5,2005-05,2023-07-18 15:28:54,ON,ONTARIO,ONTARIO,2005,5,,8.709677419354838,31,-6.7,31,27.7,31,,31.1,31,8,,,0,0,,,0,0,288
-77.8788888888889,45.07138888888889,45.071,-77.879,BANCROFT AUTO,616I001,26799.2005.6,2005-06,2023-07-18 15:24:38,ON,ONTARIO,ONTARIO,2005,6,,18.9,30,3.8,30,32.4,30,,103.4,30,8,,,0,0,,,0,63.3,36.3
-77.8788888888889,45.07138888888889,45.071,-77.879,BANCROFT AUTO,616I001,26799.2005.7,2005-07,2023-07-18 15:05:42,ON,ONTARIO,ONTARIO,2005,7,,19.574193548387097,31,5.5,31,34.8,31,,48.6,31,6,,,0,0,,,0,73.6,24.8
-77.8788888888889,45.07138888888889,45.071,-77.879,BANCROFT AUTO,616I001,26799.2005.8,2005-08,2023-07-18 15:24:35,ON,ONTARIO,ONTARIO,2005,8,,18.767741935483873,31,3.8,31,32.6,31,,77.1,31,8,,,0,0,,,0,50.6,26.8
-77.8788888888889,45.07138888888889,45.071,-77.879,BANCROFT AUTO,616I001,26799.2005.9,2005-09,2023-07-18 14:52:14,ON,ONTARIO,ONTARIO,2005,9,,14.953333333333333,30,-1.5,30,31.2,30,,97.5,30,7,,,0,0,,,0,14.5,105.9
-77.8788888888889,45.07138888888889,45.071,-77.879,BANCROFT AUTO,616I001,26799.2005.10,2005-10,2023-07-18 15:15:38,ON,ONTARIO,ONTARIO,2005,10,,8.37741935483871,31,-5.1,31,27.9,31,,31.4,31,9,,,0,0,,,0,2.3,300.6
-77.8788888888889,45.07138888888889,45.071,-77.879,BANCROFT AUTO,616I001,26799.2005.11,2005-11,2023-07-18 15:28:51,ON,ONTARIO,ONTARIO,2005,11,,1.09,30,-18.9,30,15.8,30,,133.9,30,15,,,0,,,,0,0,507.3
-77.8788888888889,45.07138888888889,45.071,-77.879,BANCROFT AUTO,616I001,26799.2005.12,2005-12,2023-07-18 15:24:35,ON,ONTARIO,ONTARIO,2005,12,,-8.73225806451613,31,-31.4,31,1.8,31,,63.2,31,15,,,0,16,,,0,0,828.7
-77.8788888888889,45.07138888888889,45.071,-77.879,BANCROFT AUTO,616I001,26799.2006.1,2006-01,2023-07-18 15:02:42,ON,ONTARIO,ONTARIO,2006,1,,-5.9,31,-24.3,31,8,31,,102.5,31,16,,,0,30,,,0,0,740.9
-77.8788888888889,45.07138888888889,45.071,-77.879,BANCROFT AUTO,616I001,26799.2006.2,2006-02,2023-07-18 14:56:22,ON,ONTARIO,ONTARIO,2006,2,,-10.5,28,-34.8,28,4.1,28,,102.3,28,12,,,0,57,,,0,0,798
-77.8788888888889,45.07138888888889,45.071,-77.879,BANCROFT AUTO,616I001,26799.2006.3,2006-03,2023-07-18 14:56:22,ON,ONTARIO,ONTARIO,2006,3,,-2.5709677419354837,31,-27.7,31,20.3,31,,59.6,31,8,,,0,7,,,0,0,637.7
-77.8788888888889,45.07138888888889,45.071,-77.879,BANCROFT AUTO,616I001,26799.2006.4,2006-04,2023-07-18 15:17:49,ON,ONTARIO,ONTARIO,2006,4,,5.3,30,-9,30,22.9,30,,55.3,30,8,,,0,0,,,0,0,381
-77.8788888888889,45.07138888888889,45.071,-77.879,BANCROFT AUTO,616I001,26799.2006.5,2006-05,2023-07-18 15:26:41,ON,ONTARIO,ONTARIO,2006,5,,12.390322580645162,31,-5.4,31,33,31,,77.1,31,12,,,0,0,,,0,15.5,189.4
-77.8788888888889,45.07138888888889,45.071,-77.879,BANCROFT AUTO,616I001,26799.2006.6,2006-06,2023-07-18 15:17:49,ON,ONTARIO,ONTARIO,2006,6,,16.403333333333332,30,3.8,30,30.4,30,,168.4,30,14,,,0,0,,,0,23.4,71.3
-77.8788888888889,45.07138888888889,45.071,-77.879,BANCROFT AUTO,616I001,26799.2006.7,2006-07,2023-07-18 15:13:15,ON,ONTARIO,ONTARIO,2006,7,,19.74516129032258,31,8.1,31,32.2,31,,65.1,31,11,,,0,0,,,0,63.8,9.7
-77.8788888888889,45.07138888888889,45.071,-77.879,BANCROFT AUTO,616I001,26799.2006.8,2006-08,2023-07-18 15:22:17,ON,ONTARIO,ONTARIO,2006,8,,16.838709677419356,31,0.9,31,34.7,31,,28.7,31,6,,,0,0,,,0,33.2,69.2
-77.8788888888889,45.07138888888889,45.071,-77.879,BANCROFT AUTO,616I001,26799.2006.9,2006-09,2023-07-18 15:02:41,ON,ONTARIO,ONTARIO,2006,9,,11.686666666666667,30,-1.6,30,26.2,30,,150.6,30,15,,,0,0,,,0,2.3,191.7
-77.8788888888889,45.07138888888889,45.071,-77.879,BANCROFT AUTO,616I001,26799.2006.10,2006-10,2023-07-18 14:56:22,ON,ONTARIO,ONTARIO,2006,10,,5.661290322580645,31,-7.8,31,23,31,,134.3,31,10,,,0,0,,,0,0,382.5
-77.8788888888889,45.07138888888889,45.071,-77.879,BANCROFT AUTO,616I001,26799.2006.11,2006-11,2023-07-18 15:13:15,ON,ONTARIO,ONTARIO,2006,11,,2.9633333333333334,30,-8.7,30,14.3,30,,98.3,30,12,,,0,0,,,0,0,451.1
-77.8788888888889,45.07138888888889,45.071,-77.879,BANCROFT AUTO,616I001,26799.2006.12,2006-12,2023-07-18 15:26:41,ON,ONTARIO,ONTARIO,2006,12,,-2.5516129032258066,31,-21.3,31,8.4,31,,72,31,9,,,0,3,,,0,0,637.1
-77.8788888888889,45.07138888888889,45.071,-77.879,BANCROFT AUTO,616I001,26799.2007.1,2007-01,2023-07-18 15:09:21,ON,ONTARIO,ONTARIO,2007,1,,-9.403225806451612,31,-34.1,31,8.8,31,,71.3,31,14,,,0,19,,,0,0,849.5
-77.8788888888889,45.07138888888889,45.071,-77.879,BANCROFT AUTO,616I001,26799.2007.2,2007-02,2023-07-18 15:03:50,ON,ONTARIO,ONTARIO,2007,2,,-12.45357142857143,28,-32.9,28,3.6,28,,21.5,28,6,,,0,20,,,0,0,852.7
-77.8788888888889,45.07138888888889,45.071,-77.879,BANCROFT AUTO,616I001,26799.2007.3,2007-03,2023-07-18 14:57:43,ON,ONTARIO,ONTARIO,2007,3,,-3.3806451612903228,31,-28.9,31,14.3,31,,62,31,11,,,0,1,,,0,0,662.8
-77.8788888888889,45.07138888888889,45.071,-77.879,BANCROFT AUTO,616I001,26799.2007.4,2007-04,2023-07-18 15:31:56,ON,ONTARIO,ONTARIO,2007,4,,3.7266666666666666,30,-13.1,30,24.8,30,,78.5,28,9,,,0,,,,0,0,428.2
-77.8788888888889,45.07138888888889,45.071,-77.879,BANCROFT AUTO,616I001,26799.2007.5,2007-05,2023-07-18 15:27:21,ON,ONTARIO,ONTARIO,2007,5,,11.167741935483871,31,-6.1,31,31.2,31,,44.5,31,5,,,0,,,,0,5.6,217.4
-77.8788888888889,45.07138888888889,45.071,-77.879,BANCROFT AUTO,616I001,26799.2007.6,2007-06,2023-07-18 15:27:21,ON,ONTARIO,ONTARIO,2007,6,,17.02,30,0.1,30,31.5,30,,109.7,30,8,,,0,,,,0,38.3,67.7
-77.8788888888889,45.07138888888889,45.071,-77.879,BANCROFT AUTO,616I001,26799.2007.7,2007-07,2023-07-18 15:14:01,ON,ONTARIO,ONTARIO,2007,7,,16.93225806451613,31,3.5,31,30.1,31,,73.2,31,10,,,0,,,,0,24.6,57.7
-77.8788888888889,45.07138888888889,45.071,-77.879,BANCROFT AUTO,616I001,26799.2007.8,2007-08,2023-07-18 15:09:14,ON,ONTARIO,ONTARIO,2007,8,,17.606451612903225,31,1.5,31,33,31,,69.6,30,7,,,0,,,,0,39.9,52.1
-77.8788888888889,45.07138888888889,45.071,-77.879,BANCROFT AUTO,616I001,26799.2007.9,2007-09,2023-07-18 15:03:38,ON,ONTARIO,ONTARIO,2007,9,,13.783333333333333,30,-0.5,30,30.4,30,,41.8,29,6,,,0,,,,0,9.8,136.3
-77.8788888888889,45.07138888888889,45.071,-77.879,BANCROFT AUTO,616I001,26799.2007.10,2007-10,2023-07-18 15:14:01,ON,ONTARIO,ONTARIO,2007,10,,9.435483870967742,31,-6.6,31,26.6,31,,58.6,27,10,,,0,,,,0,0,265.5
-77.8788888888889,45.07138888888889,45.071,-77.879,BANCROFT AUTO,616I001,26799.2007.11,2007-11,2023-07-18 15:14:01,ON,ONTARIO,ONTARIO,2007,11,,-1.8666666666666667,30,-22.3,30,12,30,,82.1,29,14,,,0,27,,,0,0,596
-77.8788888888889,45.07138888888889,45.071,-77.879,BANCROFT AUTO,616I001,26799.2007.12,2007-12,2023-07-18 15:14:01,ON,ONTARIO,ONTARIO,2007,12,,-8.916129032258064,31,-27.1,31,6.4,31,,133.2,31,19,,,0,44,,,0,0,834.4
-77.8788888888889,45.07138888888889,45.071,-77.879,BANCROFT AUTO,616I001,26799.2008.1,2008-01,2023-07-19 11:04:24,ON,ONTARIO,ONTARIO,2008,1,,-7.312903225806451,31,-32.9,31,11.6,31,,115,31,19,,,0,10,,,0,0,784.7
-77.8788888888889,45.07138888888889,45.071,-77.879,BANCROFT AUTO,616I001,26799.2008.2,2008-02,2023-07-19 10:42:26,ON,ONTARIO,ONTARIO,2008,2,,-10.517241379310345,29,-31.5,29,6.4,29,,106.4,29,21,,,0,28,,,0,0,827
-77.8788888888889,45.07138888888889,45.071,-77.879,BANCROFT AUTO,616I001,26799.2008.3,2008-03,2023-07-19 11:25:47,ON,ONTARIO,ONTARIO,2008,3,,-6.612903225806452,31,-27.6,31,11,31,,130.4,31,19,,,0,42,,,0,0,763
-77.8788888888889,45.07138888888889,45.071,-77.879,BANCROFT AUTO,616I001,26799.2008.4,2008-04,2023-07-19 10:42:26,ON,ONTARIO,ONTARIO,2008,4,,5.756666666666667,30,-11.7,30,26.2,30,,88.2,30,9,,,0,,,,0,0,367.3
-77.8788888888889,45.07138888888889,45.071,-77.879,BANCROFT AUTO,616I001,26799.2008.5,2008-05,2023-07-19 10:51:51,ON,ONTARIO,ONTARIO,2008,5,,9.42258064516129,31,-4.2,31,24.2,31,,78.1,31,15,,,0,,,,0,0,265.9
-77.8788888888889,45.07138888888889,45.071,-77.879,BANCROFT AUTO,616I001,26799.2008.6,2008-06,2023-07-19 11:01:19,ON,ONTARIO,ONTARIO,2008,6,,17.106666666666666,30,3.1,30,30.9,30,,120.6,30,14,,,0,,,,0,31.2,58
-77.8788888888889,45.07138888888889,45.071,-77.879,BANCROFT AUTO,616I001,26799.2008.7,2008-07,2023-07-19 11:13:17,ON,ONTARIO,ONTARIO,2008,7,,18.229032258064517,31,6.3,31,28.4,31,,85.2,31,14,,,0,,,,0,27.9,20.8
-77.8788888888889,45.07138888888889,45.071,-77.879,BANCROFT AUTO,616I001,26799.2008.8,2008-08,2023-07-19 11:10:20,ON,ONTARIO,ONTARIO,2008,8,,16.81935483870968,31,2.2,31,29.5,31,,84.1,31,12,,,0,,,,0,15.7,52.3
-77.8788888888889,45.07138888888889,45.071,-77.879,BANCROFT AUTO,616I001,26799.2008.9,2008-09,2023-07-19 10:42:26,ON,ONTARIO,ONTARIO,2008,9,,12.793333333333333,30,-1.2,30,28.9,30,,118.2,30,15,,,0,,,,0,7.1,163.3
-77.8788888888889,45.07138888888889,45.071,-77.879,BANCROFT AUTO,616I001,26799.2008.10,2008-10,2023-07-19 10:39:15,ON,ONTARIO,ONTARIO,2008,10,,5.383870967741935,31,-9.2,31,26.6,31,,59.3,30,9,,,0,,,,0,0,391.1
-77.8788888888889,45.07138888888889,45.071,-77.879,BANCROFT AUTO,616I001,26799.2008.11,2008-11,2023-07-19 10:54:50,ON,ONTARIO,ONTARIO,2008,11,,-1.3,30,-20.5,30,20.4,30,,82.8,30,11,,,0,19,,,0,0,579
-77.8788888888889,45.07138888888889,45.071,-77.879,BANCROFT AUTO,616I001,26799.2008.12,2008-12,2023-07-19 10:45:40,ON,ONTARIO,ONTARIO,2008,12,,-9.086666666666666,30,-30.1,30,12,30,,154.9,30,18,,,0,16,,,0,0,812.6
-77.8788888888889,45.07138888888889,45.071,-77.879,BANCROFT AUTO,616I001,26799.2009.1,2009-01,2023-07-19 11:04:33,ON,ONTARIO,ONTARIO,2009,1,,-14.583870967741936,31,-36.1,31,0.2,31,,44.8,31,9,,,0,44,,,0,0,1010.1
-77.8788888888889,45.07138888888889,45.071,-77.879,BANCROFT AUTO,616I001,26799.2009.2,2009-02,2023-07-19 10:48:58,ON,ONTARIO,ONTARIO,2009,2,,-7.921428571428572,28,-31.7,28,7.9,28,,78.6,28,9,,,0,24,,,0,0,725.8
-77.8788888888889,45.07138888888889,45.071,-77.879,BANCROFT AUTO,616I001,26799.2009.3,2009-03,2023-07-19 11:22:53,ON,ONTARIO,ONTARIO,2009,3,,-2.425806451612903,31,-24.6,31,13.8,31,,40.5,31,6,,,0,,,,0,0,633.2
-77.8788888888889,45.07138888888889,45.071,-77.879,BANCROFT AUTO,616I001,26799.2009.4,2009-04,2023-07-19 11:07:32,ON,ONTARIO,ONTARIO,2009,4,,4.696666666666666,30,-8,30,28.2,30,,132.7,29,12,,,0,,,,0,0,399.1
-77.8788888888889,45.07138888888889,45.071,-77.879,BANCROFT AUTO,616I001,26799.2009.5,2009-05,2023-07-19 10:42:35,ON,ONTARIO,ONTARIO,2009,5,,10.274193548387096,31,-4,31,28.5,31,,112,31,11,,,0,,,,0,3.6,243.1
-77.8788888888889,45.07138888888889,45.071,-77.879,BANCROFT AUTO,616I001,26799.2009.6,2009-06,2023-07-19 10:39:25,ON,ONTARIO,ONTARIO,2009,6,,14.973333333333333,30,0,30,31.2,30,,43.6,30,10,,,0,,,,0,12,102.8
-77.8788888888889,45.07138888888889,45.071,-77.879,BANCROFT AUTO,616I001,26799.2009.7,2009-07,2023-07-19 11:16:36,ON,ONTARIO,ONTARIO,2009,7,,16.51290322580645,31,4,31,26.3,31,,129.9,31,13,,,0,,,,0,7.5,53.6
-77.8788888888889,45.07138888888889,45.071,-77.879,BANCROFT AUTO,616I001,26799.2009.8,2009-08,2023-07-19 11:01:27,ON,ONTARIO,ONTARIO,2009,8,,17.1,31,1.5,31,30.3,31,,153.4,31,8,,,0,,,,0,36.1,64
-77.8788888888889,45.07138888888889,45.071,-77.879,BANCROFT AUTO,616I001,26799.2009.9,2009-09,2023-07-19 10:51:59,ON,ONTARIO,ONTARIO,2009,9,,12.14,30,-2.6,30,25.1,30,,66.3,30,8,,,0,,,,0,2.1,177.9
-77.8788888888889,45.07138888888889,45.071,-77.879,BANCROFT AUTO,616I001,26799.2009.10,2009-10,2023-07-19 11:16:36,ON,ONTARIO,ONTARIO,2009,10,,4.970967741935484,31,-8.9,31,17.2,31,,102.8,30,15,,,0,,,,0,0,403.9
-77.8788888888889,45.07138888888889,45.071,-77.879,BANCROFT AUTO,616I001,26799.2009.11,2009-11,2023-07-19 11:07:33,ON,ONTARIO,ONTARIO,2009,11,,2.2733333333333334,30,-11.4,30,17.6,30,,58,30,8,,,0,,,,0,0,471.8
-77.8788888888889,45.07138888888889,45.071,-77.879,BANCROFT AUTO,616I001,26799.2009.12,2009-12,2023-07-19 10:39:25,ON,ONTARIO,ONTARIO,2009,12,,-7.903225806451613,31,-28.3,31,9,31,,127.6,31,19,,,0,23,,,0,0,803
-77.8788888888889,45.07138888888889,45.071,-77.879,BANCROFT AUTO,616I001,26799.2010.1,2010-01,2023-07-19 10:58:22,ON,ONTARIO,ONTARIO,2010,1,,-9.219354838709677,31,-31.9,31,6.8,31,,72.5,31,19,,,0,24,,,0,0,843.8
-77.8788888888889,45.07138888888889,45.071,-77.879,BANCROFT AUTO,616I001,26799.2010.2,2010-02,2023-07-19 10:42:32,ON,ONTARIO,ONTARIO,2010,2,,-7.189285714285714,28,-26.5,28,3.1,28,,53.5,28,13,,,0,33,,,0,0,705.3
-77.8788888888889,45.07138888888889,45.071,-77.879,BANCROFT AUTO,616I001,26799.2010.3,2010-03,2023-07-19 11:26:10,ON,ONTARIO,ONTARIO,2010,3,,1.4774193548387098,31,-13.6,31,18.7,31,,21,31,5,,,0,,,,0,0,512.2
-77.8788888888889,45.07138888888889,45.071,-77.879,BANCROFT AUTO,616I001,26799.2010.4,2010-04,2023-07-19 11:16:57,ON,ONTARIO,ONTARIO,2010,4,,7.64,30,-6.3,30,27.5,30,,17.5,29,4,,,0,,,,0,0,310.8
-77.8788888888889,45.07138888888889,45.071,-77.879,BANCROFT AUTO,616I001,26799.2010.5,2010-05,2023-07-19 10:52:08,ON,ONTARIO,ONTARIO,2010,5,,13.151612903225807,31,-6.3,31,33.4,31,,80.1,31,10,,,0,,,,0,18.3,168.6
-77.8788888888889,45.07138888888889,45.071,-77.879,BANCROFT AUTO,616I001,26799.2010.6,2010-06,2023-07-19 11:07:49,ON,ONTARIO,ONTARIO,2010,6,,16.011111111111113,27,1.3,29,27.8,27,,242,28,15,,,0,,,,0,10.9,64.6
-77.8788888888889,45.07138888888889,45.071,-77.879,BANCROFT AUTO,616I001,26799.2010.7,2010-07,2023-07-19 10:55:06,ON,ONTARIO,ONTARIO,2010,7,,19.53,20,3.9,21,32.8,20,,58.8,20,4,,,0,,,,0,50.1,19.5
-77.8788888888889,45.07138888888889,45.071,-77.879,BANCROFT AUTO,616I001,26799.2010.8,2010-08,2023-07-19 10:52:19,ON,ONTARIO,ONTARIO,2010,8,,18.148387096774194,31,4.7,31,31.6,31,,86.6,31,10,,,0,,,,0,43.1,38.5
-77.8788888888889,45.07138888888889,45.071,-77.879,BANCROFT AUTO,616I001,26799.2010.9,2010-09,2023-07-19 11:13:36,ON,ONTARIO,ONTARIO,2010,9,,12.958620689655172,29,-0.4,30,31,29,,137.2,29,16,,,0,,,,0,14.7,160.9
-77.8788888888889,45.07138888888889,45.071,-77.879,BANCROFT AUTO,616I001,26799.2010.10,2010-10,2023-07-19 10:49:13,ON,ONTARIO,ONTARIO,2010,10,,6.2064516129032254,31,-4.7,31,21.7,31,,69.5,31,8,,,0,,,,0,0,365.6
-77.8788888888889,45.07138888888889,45.071,-77.879,BANCROFT AUTO,616I001,26799.2010.11,2010-11,2023-07-19 11:16:56,ON,ONTARIO,ONTARIO,2010,11,,0.5766666666666667,30,-13.4,30,16.1,30,,88.8,30,10,,,0,,,,0,0,522.7
-77.8788888888889,45.07138888888889,45.071,-77.879,BANCROFT AUTO,616I001,26799.2010.12,2010-12,2023-07-19 10:55:17,ON,ONTARIO,ONTARIO,2010,12,,-7.329032258064516,31,-24.1,31,10.1,31,,102.9,31,7,,,0,14,,,0,0,785.2
-77.8788888888889,45.07138888888889,45.071,-77.879,BANCROFT AUTO,616I001,26799.2011.1,2011-01,2023-07-19 11:10:39,ON,ONTARIO,ONTARIO,2011,1,,-12.53225806451613,31,-35,31,8,31,,56.8,31,17,,,0,23,,,0,0,946.5
-77.8788888888889,45.07138888888889,45.071,-77.879,BANCROFT AUTO,616I001,26799.2011.2,2011-02,2023-07-19 10:49:08,ON,ONTARIO,ONTARIO,2011,2,,-9.678571428571429,28,-31.8,28,8.6,28,,26.3,28,7,,,0,12,,,0,0,775
-77.8788888888889,45.07138888888889,45.071,-77.879,BANCROFT AUTO,616I001,26799.2011.3,2011-03,2023-07-19 10:58:43,ON,ONTARIO,ONTARIO,2011,3,,-4.354838709677419,31,-31.1,31,11.6,31,,102.2,30,10,,,0,1,,,0,0,693
-77.8788888888889,45.07138888888889,45.071,-77.879,BANCROFT AUTO,616I001,26799.2011.4,2011-04,2023-07-19 11:01:57,ON,ONTARIO,ONTARIO,2011,4,,3.9633333333333334,30,-9.4,30,21.8,30,,106.2,30,12,,,0,,,,0,0,421.1
-77.8788888888889,45.07138888888889,45.071,-77.879,BANCROFT AUTO,616I001,26799.2011.5,2011-05,2023-07-22 09:49:34,ON,ONTARIO,ONTARIO,2011,5,,12.119354838709677,31,-3.6,31,31.3,31,,76.4,31,12,,,0,,,,0,6.6,188.9
-77.8788888888889,45.07138888888889,45.071,-77.879,BANCROFT AUTO,616I001,26799.2011.6,2011-06,2023-07-19 11:10:53,ON,ONTARIO,ONTARIO,2011,6,,16.379310344827587,29,1.7,29,30.5,29,,113.6,29,10,,,0,,,,0,15.1,62.1
-77.8788888888889,45.07138888888889,45.071,-77.879,BANCROFT AUTO,616I001,26799.2011.7,2011-07,2023-07-19 10:49:30,ON,ONTARIO,ONTARIO,2011,7,,20.029032258064515,31,6.7,31,33.4,31,,56.4,31,3,,,0,,,,0,68.8,5.9
-77.8788888888889,45.07138888888889,45.071,-77.879,BANCROFT AUTO,616I001,26799.2011.8,2011-08,2023-07-19 11:17:01,ON,ONTARIO,ONTARIO,2011,8,,17.493548387096773,31,5,31,28.5,31,,61.1,31,9,,,0,,,,0,17.7,33.4
-77.8788888888889,45.07138888888889,45.071,-77.879,BANCROFT AUTO,616I001,26799.2011.9,2011-09,2023-07-19 11:20:23,ON,ONTARIO,ONTARIO,2011,9,,14.146666666666667,30,-3.3,30,28.4,30,,69.1,30,9,,,0,,,,0,10.7,126.3
-77.8788888888889,45.07138888888889,45.071,-77.879,BANCROFT AUTO,616I001,26799.2011.10,2011-10,2023-07-19 10:49:23,ON,ONTARIO,ONTARIO,2011,10,,7.783333333333333,30,-8.3,31,26.9,30,,83.9,31,11,,,0,,,,0,0,306.5
-77.8788888888889,45.07138888888889,45.071,-77.879,BANCROFT AUTO,616I001,26799.2011.11,2011-11,2023-07-19 10:58:42,ON,ONTARIO,ONTARIO,2011,11,,4.018518518518518,27,-10,27,17,30,,93.9,30,11,,,0,,,,0,0,377.5
-77.8788888888889,45.07138888888889,45.071,-77.879,BANCROFT AUTO,616I001,26799.2011.12,2011-12,2023-07-19 11:07:58,ON,ONTARIO,ONTARIO,2011,12,,1,12,-14.5,12,11.5,31,,85.9,31,17,,,0,13,,,0,0,204
-77.8788888888889,45.07138888888889,45.071,-77.879,BANCROFT AUTO,616I001,26799.2012.1,2012-01,2023-07-19 11:20:22,ON,ONTARIO,ONTARIO,2012,1,,-0.78,10,-11,10,5.9,31,,87.9,31,14,,,0,36,,,0,0,187.8
-77.8788888888889,45.07138888888889,45.071,-77.879,BANCROFT AUTO,616I001,26799.2012.2,2012-02,2023-07-19 10:39:55,ON,ONTARIO,ONTARIO,2012,2,,-2.090909090909091,11,-19.1,11,5.3,29,,33.1,29,7,,,0,36,,,0,0,221
-77.8788888888889,45.07138888888889,45.071,-77.879,BANCROFT AUTO,616I001,26799.2012.3,2012-03,2023-07-19 11:02:11,ON,ONTARIO,ONTARIO,2012,3,,6.5,24,-12.3,24,27.1,31,,48.2,31,8,,,0,,,,0,0,276
-77.8788888888889,45.07138888888889,45.071,-77.879,BANCROFT AUTO,616I001,26799.2012.4,2012-04,2023-07-19 10:55:44,ON,ONTARIO,ONTARIO,2012,4,,4.116666666666666,30,-8.9,30,24.1,30,,34.9,30,8,,,0,,,,0,0,416.5
-77.8788888888889,45.07138888888889,45.071,-77.879,BANCROFT AUTO,616I001,26799.2012.5,2012-05,2023-07-19 11:02:11,ON,ONTARIO,ONTARIO,2012,5,,13.34,30,-3.5,31,30.5,30,,42.4,30,6,,,0,,,,0,3.7,143.5
-77.8788888888889,45.07138888888889,45.071,-77.879,BANCROFT AUTO,616I001,26799.2012.6,2012-06,2023-07-19 11:13:59,ON,ONTARIO,ONTARIO,2012,6,,17.05,30,3.1,30,31.8,30,,94.6,30,11,,,0,,,,0,39.7,68.2
-77.8788888888889,45.07138888888889,45.071,-77.879,BANCROFT AUTO,616I001,26799.2012.7,2012-07,2023-07-19 11:17:15,ON,ONTARIO,ONTARIO,2012,7,,19.156666666666666,30,5.2,31,33.1,30,,30.9,25,5,,,0,,,,0,50.1,15.4
-77.8788888888889,45.07138888888889,45.071,-77.879,BANCROFT AUTO,616I001,26799.2012.8,2012-08,2023-07-19 11:17:22,ON,ONTARIO,ONTARIO,2012,8,,17.85483870967742,31,3,31,33.6,31,,66.6,31,7,,,0,,,,0,32.2,36.7
-77.8788888888889,45.07138888888889,45.071,-77.879,BANCROFT AUTO,616I001,26799.2012.9,2012-09,2023-07-19 11:02:08,ON,ONTARIO,ONTARIO,2012,9,,12.236666666666666,30,-1.8,30,29,30,,78.3,30,7,,,0,,,,0,1.8,174.7
-77.8788888888889,45.07138888888889,45.071,-77.879,BANCROFT AUTO,616I001,26799.2012.10,2012-10,2023-07-19 11:05:17,ON,ONTARIO,ONTARIO,2012,10,,7.790322580645161,31,-6.8,31,22.1,31,,120.8,30,15,,,0,,,,0,0,316.5
-77.8788888888889,45.07138888888889,45.071,-77.879,BANCROFT AUTO,616I001,26799.2012.11,2012-11,2023-07-19 11:05:12,ON,ONTARIO,ONTARIO,2012,11,,1.55,20,-12.8,20,16.2,29,,35.4,23,6,,,0,,,,0,0,329
-77.8788888888889,45.07138888888889,45.071,-77.879,BANCROFT AUTO,616I001,26799.2012.12,2012-12,2023-07-19 11:02:10,ON,ONTARIO,ONTARIO,2012,12,,-4.896,25,-22,25,12.4,31,,82.1,31,13,,,0,22,,,0,0,572.4
-77.8788888888889,45.07138888888889,45.071,-77.879,BANCROFT AUTO,616I001,26799.2013.1,2013-01,2023-07-19 10:48:06,ON,ONTARIO,ONTARIO,2013,1,,-8.523333333333333,30,-35.3,30,9.9,30,,92.2,30,11,,,0,6,,,0,0,795.7
-77.8788888888889,45.07138888888889,45.071,-77.879,BANCROFT AUTO,616I001,26799.2013.2,2013-02,2023-07-19 11:18:56,ON,ONTARIO,ONTARIO,2013,2,,-9.244444444444444,27,-28.7,27,3.6,27,,70.9,27,11,,,0,52,,,0,0,735.6
-77.8788888888889,45.07138888888889,45.071,-77.879,BANCROFT AUTO,616I001,26799.2013.3,2013-03,2023-07-19 11:22:03,ON,ONTARIO,ONTARIO,2013,3,,-2.858064516129032,31,-20.6,31,11.3,31,,33.8,31,6,,,0,12,,,0,0,646.6
-77.8788888888889,45.07138888888889,45.071,-77.879,BANCROFT AUTO,616I001,26799.2013.4,2013-04,2023-07-19 11:22:08,ON,ONTARIO,ONTARIO,2013,4,,3.0733333333333333,30,-11.6,30,22.3,30,,136.4,29,11,,,0,,,,0,0,447.8
-77.8788888888889,45.07138888888889,45.071,-77.879,BANCROFT AUTO,616I001,26799.2013.5,2013-05,2023-07-19 10:44:52,ON,ONTARIO,ONTARIO,2013,5,,12.093333333333334,30,-4.3,31,30.6,30,,64.1,31,11,,,0,,,,0,9.6,186.8
-77.8788888888889,45.07138888888889,45.071,-77.879,BANCROFT AUTO,616I001,26799.2013.6,2013-06,2023-07-19 11:15:42,ON,ONTARIO,ONTARIO,2013,6,,15.603333333333333,30,0.2,30,30.9,30,,84.1,30,10,,,0,,,,0,28.6,100.5
-77.8788888888889,45.07138888888889,45.071,-77.879,BANCROFT AUTO,616I001,26799.2013.7,2013-07,2023-07-19 11:19:04,ON,ONTARIO,ONTARIO,2013,7,,18.883870967741935,31,6,31,32.9,31,,63,29,8,,,0,,,,0,62.6,35.2
-77.8788888888889,45.07138888888889,45.071,-77.879,BANCROFT AUTO,616I001,26799.2013.8,2013-08,2023-07-19 11:03:52,ON,ONTARIO,ONTARIO,2013,8,,16.829032258064515,31,3.3,31,29.2,31,,91.9,30,5,,,0,,,,0,17.1,53.4
-77.8788888888889,45.07138888888889,45.071,-77.879,BANCROFT AUTO,616I001,26799.2013.9,2013-09,2023-07-19 11:22:16,ON,ONTARIO,ONTARIO,2013,9,,11.963333333333333,30,-2.3,30,29,30,,72.6,29,4,,,0,,,,0,6.9,188
-77.8788888888889,45.07138888888889,45.071,-77.879,BANCROFT AUTO,616I001,26799.2013.10,2013-10,2023-07-19 11:09:49,ON,ONTARIO,ONTARIO,2013,10,,8.021428571428572,28,-3.8,29,22.7,28,,154.8,31,10,,,0,,,,0,0,279.4
-77.8788888888889,45.07138888888889,45.071,-77.879,BANCROFT AUTO,616I001,26799.2013.11,2013-11,2023-07-19 11:15:50,ON,ONTARIO,ONTARIO,2013,11,,-2.7655172413793103,29,-25.8,30,14.1,29,,95.7,28,12,,,0,8,,,0,0,602.2
-77.8788888888889,45.07138888888889,45.071,-77.879,BANCROFT AUTO,616I001,26799.2013.12,2013-12,2023-07-19 10:41:58,ON,ONTARIO,ONTARIO,2013,12,,-10.306451612903226,31,-33,31,10.2,31,,81.1,31,15,,,0,38,,,0,0,877.5
-77.8788888888889,45.07138888888889,45.071,-77.879,BANCROFT AUTO,616I001,26799.2014.1,2014-01,2023-07-19 10:51:27,ON,ONTARIO,ONTARIO,2014,1,,-13.389655172413793,29,-37.8,31,5.6,29,,69.1,29,9,,,0,45,,,0,0,910.3
-77.8788888888889,45.07138888888889,45.071,-77.879,BANCROFT AUTO,616I001,26799.2014.2,2014-02,2023-07-19 11:19:19,ON,ONTARIO,ONTARIO,2014,2,,-12.20357142857143,28,-32,28,6.7,28,,42.5,28,5,,,0,47,,,0,0,845.7
-77.8788888888889,45.07138888888889,45.071,-77.879,BANCROFT AUTO,616I001,26799.2014.3,2014-03,2023-07-19 11:22:22,ON,ONTARIO,ONTARIO,2014,3,,-8.606451612903227,31,-32.3,31,11,31,,47.9,30,9,,,0,45,,,0,0,824.8
-77.8788888888889,45.07138888888889,45.071,-77.879,BANCROFT AUTO,616I001,26799.2014.4,2014-04,2023-07-19 10:45:16,ON,ONTARIO,ONTARIO,2014,4,,3.5482758620689654,29,-14.3,30,19.6,29,,108.7,29,15,,,0,,,,0,0,419.1
-77.8788888888889,45.07138888888889,45.071,-77.879,BANCROFT AUTO,616I001,26799.2014.5,2014-05,2023-07-19 11:09:59,ON,ONTARIO,ONTARIO,2014,5,,11.835483870967742,31,-4.8,31,27.5,31,,132.3,30,10,,,0,,,,0,5,196.1
-77.8788888888889,45.07138888888889,45.071,-77.879,BANCROFT AUTO,616I001,26799.2014.6,2014-06,2023-07-19 11:09:33,ON,ONTARIO,ONTARIO,2014,6,,16.613333333333333,30,3.7,30,29.8,30,,112.1,29,8,,,0,,,,0,17.3,58.9
-77.8788888888889,45.07138888888889,45.071,-77.879,BANCROFT AUTO,616I001,26799.2014.7,2014-07,2023-07-19 10:54:07,ON,ONTARIO,ONTARIO,2014,7,,16.641935483870967,31,5.5,31,28.1,31,,67.5,31,8,,,0,,,,0,20.9,63
-77.8788888888889,45.07138888888889,45.071,-77.879,BANCROFT AUTO,616I001,26799.2014.8,2014-08,2023-07-19 10:54:05,ON,ONTARIO,ONTARIO,2014,8,,16.43225806451613,31,4.4,31,28.9,31,,80.3,30,8,,,0,,,,0,14.4,63
-77.8788888888889,45.07138888888889,45.071,-77.879,BANCROFT AUTO,616I001,26799.2014.9,2014-09,2023-07-19 11:11:27,ON,ONTARIO,ONTARIO,2014,9,,12.88,30,-5,30,28.5,30,,68.5,30,10,,,0,,,,0,6.8,160.4
-77.8788888888889,45.07138888888889,45.071,-77.879,BANCROFT AUTO,616I001,26799.2014.10,2014-10,2023-07-19 11:17:41,ON,ONTARIO,ONTARIO,2014,10,,8.083870967741936,31,-4.1,31,24.3,31,,84.5,31,17,,,0,,,,0,1,308.4
-77.8788888888889,45.07138888888889,45.071,-77.879,BANCROFT AUTO,616I001,26799.2014.11,2014-11,2023-07-19 10:59:15,ON,ONTARIO,ONTARIO,2014,11,,-1.5275862068965518,29,-18.1,30,15.3,29,,90.3,28,17,,,0,0,,,0,0,566.3
-77.8788888888889,45.07138888888889,45.071,-77.879,BANCROFT AUTO,616I001,26799.2014.12,2014-12,2023-07-19 10:40:32,ON,ONTARIO,ONTARIO,2014,12,,-5.24,30,-20.6,30,8.1,31,,61.3,28,11,,,0,2,,,0,0,697.2
-77.8788888888889,45.07138888888889,45.071,-77.879,BANCROFT AUTO,616I001,26799.2015.1,2015-01,2023-07-19 11:14:27,ON,ONTARIO,ONTARIO,2015,1,,-14.106666666666667,30,-33.5,30,1.5,31,,55.5,30,9,,,0,29,,,0,0,963.2
-77.8788888888889,45.07138888888889,45.071,-77.879,BANCROFT AUTO,616I001,26799.2015.2,2015-02,2023-07-19 10:53:03,ON,ONTARIO,ONTARIO,2015,2,,-17.632142857142856,28,-35.3,28,-4.1,28,,28.4,28,11,,,0,40,,,0,0,997.7
-77.8788888888889,45.07138888888889,45.071,-77.879,BANCROFT AUTO,616I001,26799.2015.3,2015-03,2023-07-19 11:20:51,ON,ONTARIO,ONTARIO,2015,3,,-5.858064516129033,31,-30.5,31,9.1,31,,30.8,31,8,,,0,2,,,0,0,739.6
-77.8788888888889,45.07138888888889,45.071,-77.879,BANCROFT AUTO,616I001,26799.2015.4,2015-04,2023-07-19 11:06:34,ON,ONTARIO,ONTARIO,2015,4,,4.251724137931035,29,-12.7,30,21.1,29,,80.9,29,9,,,0,,,,0,0,398.7
-77.8788888888889,45.07138888888889,45.071,-77.879,BANCROFT AUTO,616I001,26799.2015.5,2015-05,2023-07-19 10:44:39,ON,ONTARIO,ONTARIO,2015,5,,13.074193548387097,31,-7,31,29,31,,41.8,31,6,,,0,,,,0,12.5,165.2
-77.8788888888889,45.07138888888889,45.071,-77.879,BANCROFT AUTO,616I001,26799.2015.6,2015-06,2023-07-19 11:21:55,ON,ONTARIO,ONTARIO,2015,6,,14.833333333333334,30,-0.6,30,26.6,30,,83.1,30,12,,,0,,,,0,3.3,98.3
-77.8788888888889,45.07138888888889,45.071,-77.879,BANCROFT AUTO,616I001,26799.2015.7,2015-07,2023-07-19 11:05:22,ON,ONTARIO,ONTARIO,2015,7,,18.42258064516129,31,2.8,31,31.9,31,,92.6,31,6,,,0,,,,0,49.5,36.4
-77.8788888888889,45.07138888888889,45.071,-77.879,BANCROFT AUTO,616I001,26799.2015.8,2015-08,2023-07-19 11:26:47,ON,ONTARIO,ONTARIO,2015,8,,17.56451612903226,31,7,31,30.5,31,,100.5,31,10,,,0,,,,0,29.9,43.4
-77.8788888888889,45.07138888888889,45.071,-77.879,BANCROFT AUTO,616I001,26799.2015.9,2015-09,2023-07-19 11:11:20,ON,ONTARIO,ONTARIO,2015,9,,15.803448275862069,29,0.3,30,30.3,29,,37.5,29,6,,,0,,,,0,23.2,86.9
-77.8788888888889,45.07138888888889,45.071,-77.879,BANCROFT AUTO,616I001,26799.2015.10,2015-10,2023-07-19 11:14:16,ON,ONTARIO,ONTARIO,2015,10,,5.78,30,-7.9,30,22.6,30,,97.3,30,10,,,0,0,,,0,0,366.6
-77.8788888888889,45.07138888888889,45.071,-77.879,BANCROFT AUTO,616I001,26799.2015.11,2015-11,2023-07-19 11:02:23,ON,ONTARIO,ONTARIO,2015,11,,2.7379310344827585,29,-12.3,30,20.3,29,,78.3,29,13,,,0,,,,0,0,442.6
-77.8788888888889,45.07138888888889,45.071,-77.879,BANCROFT AUTO,616I001,26799.2015.12,2015-12,2023-07-19 10:52:49,ON,ONTARIO,ONTARIO,2015,12,,0.6419354838709678,31,-14,31,14.3,31,,102,31,17,,,0,18,,,0,0,538.1
-77.8788888888889,45.07138888888889,45.071,-77.879,BANCROFT AUTO,616I001,26799.2016.1,2016-01,2023-07-19 10:38:59,ON,ONTARIO,ONTARIO,2016,1,,-9.379310344827585,29,-30.5,31,7.6,29,,80.2,29,11,,,0,21,,,0,0,794
-77.8788888888889,45.07138888888889,45.071,-77.879,BANCROFT AUTO,616I001,26799.2016.2,2016-02,2023-07-19 11:00:58,ON,ONTARIO,ONTARIO,2016,2,,-8.686206896551724,29,-38.9,29,7.5,29,,88,29,11,,,0,29,,,0,0,773.9
-77.8788888888889,45.07138888888889,45.071,-77.879,BANCROFT AUTO,616I001,26799.2016.3,2016-03,2023-07-19 11:10:03,ON,ONTARIO,ONTARIO,2016,3,,-2.0580645161290323,31,-32.8,31,14.4,31,,160.3,31,13,,,0,,,,0,0,621.8
-77.8788888888889,45.07138888888889,45.071,-77.879,BANCROFT AUTO,616I001,26799.2016.4,2016-04,2023-07-19 10:48:31,ON,ONTARIO,ONTARIO,2016,4,,1.6724137931034482,29,-16.7,30,22.4,29,,57.2,29,8,,,0,,,,0,0,473.5
-77.8788888888889,45.07138888888889,45.071,-77.879,BANCROFT AUTO,616I001,26799.2016.5,2016-05,2023-07-19 10:38:15,ON,ONTARIO,ONTARIO,2016,5,,11.183870967741935,31,-4.5,31,31.7,31,,63.7,31,8,,,0,,,,0,10.7,222
-77.8788888888889,45.07138888888889,45.071,-77.879,BANCROFT AUTO,616I001,26799.2016.6,2016-06,2023-07-19 11:18:43,ON,ONTARIO,ONTARIO,2016,6,,15.69,30,-0.5,30,31.4,30,,35.1,30,6,,,0,,,,0,15.9,85.2
-77.8788888888889,45.07138888888889,45.071,-77.879,BANCROFT AUTO,616I001,26799.2016.7,2016-07,2023-07-19 11:18:44,ON,ONTARIO,ONTARIO,2016,7,,18.919354838709676,31,5.7,31,31.9,31,,70,31,6,,,0,,,,0,50.3,21.8
-77.8788888888889,45.07138888888889,45.071,-77.879,BANCROFT AUTO,616I001,26799.2016.8,2016-08,2023-07-19 11:21:04,ON,ONTARIO,ONTARIO,2016,8,,19.451612903225808,31,5.9,31,33.3,31,,197.2,31,7,,,0,,,,0,59.3,14.3
-77.8788888888889,45.07138888888889,45.071,-77.879,BANCROFT AUTO,616I001,26799.2016.9,2016-09,2023-07-19 11:05:43,ON,ONTARIO,ONTARIO,2016,9,,13.86551724137931,29,-1.6,30,29.3,29,,30.2,29,6,,,0,,,,0,7.1,127
-77.8788888888889,45.07138888888889,45.071,-77.879,BANCROFT AUTO,616I001,26799.2016.10,2016-10,2023-07-19 10:43:49,ON,ONTARIO,ONTARIO,2016,10,,7.274193548387097,31,-5.7,31,22.6,31,,73.2,31,12,,,0,,,,0,0,332.5
-77.8788888888889,45.07138888888889,45.071,-77.879,BANCROFT AUTO,616I001,26799.2016.11,2016-11,2023-07-19 11:14:41,ON,ONTARIO,ONTARIO,2016,11,,2.2620689655172415,29,-15.3,30,16.3,29,,56.2,29,7,,,0,1,,,0,0,456.4
-77.8788888888889,45.07138888888889,45.071,-77.879,BANCROFT AUTO,616I001,26799.2016.12,2016-12,2023-07-19 10:43:45,ON,ONTARIO,ONTARIO,2016,12,,-6.193548387096774,31,-31.9,31,6.4,31,,119,31,17,,,0,28,,,0,0,750
-77.8788888888889,45.07138888888889,45.071,-77.879,BANCROFT AUTO,616I001,26799.2017.1,2017-01,2023-07-19 11:05:41,ON,ONTARIO,ONTARIO,2017,1,,-7.470967741935484,31,-29.9,31,4,31,,100.5,31,15,,,0,41,,,0,0,789.6
-77.8788888888889,45.07138888888889,45.071,-77.879,BANCROFT AUTO,616I001,26799.2017.2,2017-02,2023-07-19 10:59:30,ON,ONTARIO,ONTARIO,2017,2,,-6.091666666666667,24,-25.2,26,13,24,,56.2,24,11,,,0,24,,,0,0,578.2
-77.8788888888889,45.07138888888889,45.071,-77.879,BANCROFT AUTO,616I001,26799.2017.3,2017-03,2023-07-19 11:24:16,ON,ONTARIO,ONTARIO,2017,3,,-6.387096774193548,31,-29,31,9.1,31,,94.4,31,11,,,0,1,,,0,0,756
-77.8788888888889,45.07138888888889,45.071,-77.879,BANCROFT AUTO,616I001,26799.2017.4,2017-04,2023-07-19 10:50:16,ON,ONTARIO,ONTARIO,2017,4,,5.986666666666666,30,-6.1,30,27.2,30,,109.3,30,13,,,0,,,,0,0,360.4
-77.8788888888889,45.07138888888889,45.071,-77.879,BANCROFT AUTO,616I001,26799.2017.5,2017-05,2023-07-19 11:08:56,ON,ONTARIO,ONTARIO,2017,5,,10.513333333333334,30,-2.9,31,29.6,30,,166.5,30,15,,,0,,,,0,5.1,229.7
-77.8788888888889,45.07138888888889,45.071,-77.879,BANCROFT AUTO,616I001,26799.2017.6,2017-06,2023-07-19 11:05:55,ON,ONTARIO,ONTARIO,2017,6,,15.643333333333333,30,1.5,30,30,30,,122,30,13,,,0,,,,0,25.5,96.2
-77.8788888888889,45.07138888888889,45.071,-77.879,BANCROFT AUTO,616I001,26799.2017.7,2017-07,2023-07-19 11:14:50,ON,ONTARIO,ONTARIO,2017,7,,18.096774193548388,31,6.4,31,29.6,31,,69,31,11,,,0,,,,0,30.1,27.1
-77.8788888888889,45.07138888888889,45.071,-77.879,BANCROFT AUTO,616I001,26799.2017.8,2017-08,2023-07-19 11:21:18,ON,ONTARIO,ONTARIO,2017,8,,16.473333333333333,30,2.2,31,28.9,30,,64.4,30,10,,,0,,,,0,17.4,63.2
-77.8788888888889,45.07138888888889,45.071,-77.879,BANCROFT AUTO,616I001,26799.2017.9,2017-09,2023-07-19 10:50:21,ON,ONTARIO,ONTARIO,2017,9,,14.972413793103449,29,-0.9,30,32.2,29,,38.7,29,3,,,0,,,,0,24.1,111.9
-77.8788888888889,45.07138888888889,45.071,-77.879,BANCROFT AUTO,616I001,26799.2017.10,2017-10,2023-07-19 11:09:02,ON,ONTARIO,ONTARIO,2017,10,,9.336666666666666,30,-3.7,31,23.5,30,,118.1,30,13,,,0,,,,0,0,259.9
-77.8788888888889,45.07138888888889,45.071,-77.879,BANCROFT AUTO,616I001,26799.2017.11,2017-11,2023-07-19 10:44:11,ON,ONTARIO,ONTARIO,2017,11,,-1.0633333333333332,30,-17,30,13.5,30,,84.4,30,11,,,0,2,,,0,0,571.9
-77.8788888888889,45.07138888888889,45.071,-77.879,BANCROFT AUTO,616I001,26799.2017.12,2017-12,2023-07-19 11:18:16,ON,ONTARIO,ONTARIO,2017,12,,-10.841935483870968,31,-34.2,31,8.7,31,,60.8,31,13,,,0,26,,,0,0,894.1
-77.8788888888889,45.07138888888889,45.071,-77.879,BANCROFT AUTO,616I001,26799.2018.1,2018-01,2023-07-19 10:44:15,ON,ONTARIO,ONTARIO,2018,1,,-11.256666666666666,30,-36.4,31,8.8,30,,80.7,30,8,,,0,8,,,0,0,877.7
-77.8788888888889,45.07138888888889,45.071,-77.879,BANCROFT AUTO,616I001,26799.2018.2,2018-02,2023-07-19 11:21:28,ON,ONTARIO,ONTARIO,2018,2,,-6.707142857142857,28,-30.1,28,12.9,28,,77.6,28,12,,,0,3,,,0,0,691.8
-77.8788888888889,45.07138888888889,45.071,-77.879,BANCROFT AUTO,616I001,26799.2018.3,2018-03,2023-07-19 10:56:42,ON,ONTARIO,ONTARIO,2018,3,,-3.093103448275862,29,-18.6,29,8.1,29,,45.2,29,8,,,0,3,,,0,0,611.7
-77.8788888888889,45.07138888888889,45.071,-77.879,BANCROFT AUTO,616I001,26799.2018.4,2018-04,2023-07-19 11:11:57,ON,ONTARIO,ONTARIO,2018,4,,0.23793103448275862,29,-15.4,30,18.3,29,,129.6,29,12,,,0,,,,0,0,515.1
-77.8788888888889,45.07138888888889,45.071,-77.879,BANCROFT AUTO,616I001,26799.2018.5,2018-05,2023-07-19 11:14:56,ON,ONTARIO,ONTARIO,2018,5,,12.990322580645161,31,-3.9,31,30.1,31,,44.9,31,7,,,0,,,,0,16.9,172.2
-77.8788888888889,45.07138888888889,45.071,-77.879,BANCROFT AUTO,616I001,26799.2018.6,2018-06,2023-07-19 11:15:12,ON,ONTARIO,ONTARIO,2018,6,,15.124137931034483,29,0.9,30,31.3,29,,53.9,29,6,,,0,,,,0,17,100.4
-77.8788888888889,45.07138888888889,45.071,-77.879,BANCROFT AUTO,616I001,26799.2018.7,2018-07,2023-07-19 11:00:03,ON,ONTARIO,ONTARIO,2018,7,,19.46451612903226,31,5,31,33.6,31,,126.8,31,9,,,0,,,,0,64.4,19
-77.8788888888889,45.07138888888889,45.071,-77.879,BANCROFT AUTO,616I001,26799.2018.8,2018-08,2023-07-19 11:06:20,ON,ONTARIO,ONTARIO,2018,8,,18.983870967741936,31,2.4,31,31.5,31,,70.5,31,8,,,0,,,,0,55.4,24.9
-77.8788888888889,45.07138888888889,45.071,-77.879,BANCROFT AUTO,616I001,26799.2018.9,2018-09,2023-07-19 11:15:15,ON,ONTARIO,ONTARIO,2018,9,,14.516666666666667,30,-0.8,30,30.1,30,,77.7,30,10,,,0,,,,0,28.7,133.2
-77.8788888888889,45.07138888888889,45.071,-77.879,BANCROFT AUTO,616I001,26799.2018.10,2018-10,2023-07-19 11:06:22,ON,ONTARIO,ONTARIO,2018,10,,5.663333333333333,30,-6,30,26,30,,91.4,30,12,,,0,1,,,0,2.5,372.6
-77.8788888888889,45.07138888888889,45.071,-77.879,BANCROFT AUTO,616I001,26799.2018.11,2018-11,2023-07-19 11:03:22,ON,ONTARIO,ONTARIO,2018,11,,-3.283333333333333,30,-28.3,30,10.7,30,,104.8,30,20,,,0,13,,,0,0,638.5
-77.8788888888889,45.07138888888889,45.071,-77.879,BANCROFT AUTO,616I001,26799.2018.12,2018-12,2023-07-19 10:50:47,ON,ONTARIO,ONTARIO,2018,12,,-6.467741935483871,31,-23.6,31,7.7,31,,75.4,31,11,,,0,9,,,0,0,758.5
-77.8788888888889,45.07138888888889,45.071,-77.879,BANCROFT AUTO,616I001,26799.2019.1,2019-01,2023-07-20 10:17:26,ON,ONTARIO,ONTARIO,2019,1,,-13.106451612903227,31,-33.1,31,4.1,31,,72,31,14,,,0,42,,,0,0,964.3
-77.8788888888889,45.07138888888889,45.071,-77.879,BANCROFT AUTO,616I001,26799.2019.2,2019-02,2023-07-20 10:14:03,ON,ONTARIO,ONTARIO,2019,2,,-9.696296296296296,27,-31.5,27,7.4,27,,90.5,27,12,,,0,49,,,0,0,747.8
-77.8788888888889,45.07138888888889,45.071,-77.879,BANCROFT AUTO,616I001,26799.2019.3,2019-03,2023-07-20 09:53:23,ON,ONTARIO,ONTARIO,2019,3,,-6.064516129032258,31,-30.3,31,10.3,31,,65.6,31,8,,,0,40,,,0,0,746
-77.8788888888889,45.07138888888889,45.071,-77.879,BANCROFT AUTO,616I001,26799.2019.4,2019-04,2023-07-20 09:55:15,ON,ONTARIO,ONTARIO,2019,4,,2.9166666666666665,30,-15.6,30,17.7,30,,143.1,30,14,,,0,0,,,0,0,452.5
-77.8788888888889,45.07138888888889,45.071,-77.879,BANCROFT AUTO,616I001,26799.2019.5,2019-05,2023-07-20 10:01:07,ON,ONTARIO,ONTARIO,2019,5,,9.13,30,-3.9,30,22.9,30,,92,30,12,,,0,,,,0,0,266.1
-77.8788888888889,45.07138888888889,45.071,-77.879,BANCROFT AUTO,616I001,26799.2019.6,2019-06,2023-07-20 10:01:27,ON,ONTARIO,ONTARIO,2019,6,,14.786206896551723,29,2.1,29,28.2,29,,72.6,29,10,,,0,,,,0,4.5,97.7
-77.8788888888889,45.07138888888889,45.071,-77.879,BANCROFT AUTO,616I001,26799.2019.7,2019-07,2023-07-20 10:01:51,ON,ONTARIO,ONTARIO,2019,7,,19.664516129032258,31,5,31,32.3,31,,48.4,31,1,,,0,,,,0,64.1,12.5
-77.8788888888889,45.07138888888889,45.071,-77.879,BANCROFT AUTO,616I001,26799.2019.8,2019-08,2023-07-20 10:05:08,ON,ONTARIO,ONTARIO,2019,8,,16.57741935483871,31,3.3,31,28.6,31,,46.1,31,8,,,0,,,,0,13,57.1
-77.8788888888889,45.07138888888889,45.071,-77.879,BANCROFT AUTO,616I001,26799.2019.9,2019-09,2023-07-20 09:56:16,ON,ONTARIO,ONTARIO,2019,9,,12.736666666666666,30,-1.2,30,27.5,30,,61.7,30,10,,,0,,,,0,4.7,162.6
-77.8788888888889,45.07138888888889,45.071,-77.879,BANCROFT AUTO,616I001,26799.2019.10,2019-10,2023-07-20 10:05:44,ON,ONTARIO,ONTARIO,2019,10,,6.475862068965517,29,-5.5,29,24.1,29,,159.4,28,11,,,0,,,,0,0,334.2
-77.8788888888889,45.07138888888889,45.071,-77.879,BANCROFT AUTO,616I001,26799.2019.11,2019-11,2023-07-20 10:22:26,ON,ONTARIO,ONTARIO,2019,11,,-3.5366666666666666,30,-22.1,30,8.5,30,,48.8,30,11,,,0,1,,,0,0,646.1
-77.8788888888889,45.07138888888889,45.071,-77.879,BANCROFT AUTO,616I001,26799.2019.12,2019-12,2023-07-20 10:12:32,ON,ONTARIO,ONTARIO,2019,12,,-6.467741935483871,31,-27,31,7.3,31,,68.5,31,9,,,0,9,,,0,0,758.5
-77.8788888888889,45.07138888888889,45.071,-77.879,BANCROFT AUTO,616I001,26799.2020.1,2020-01,2023-07-20 10:09:51,ON,ONTARIO,ONTARIO,2020,1,,-7.6,31,-27.6,31,6.5,31,,127.1,31,10,,,0,37,,,0,0,793.6
-77.8788888888889,45.07138888888889,45.071,-77.879,BANCROFT AUTO,616I001,26799.2020.2,2020-02,2023-07-20 10:03:21,ON,ONTARIO,ONTARIO,2020,2,,-8.041379310344828,29,-33.3,29,8.3,29,,53.8,29,8,,,0,61,,,0,0,755.2
-77.8788888888889,45.07138888888889,45.071,-77.879,BANCROFT AUTO,616I001,26799.2020.3,2020-03,2023-07-20 10:10:03,ON,ONTARIO,ONTARIO,2020,3,,-1.0580645161290323,31,-27.7,31,14.2,31,,90,31,12,,,0,3,,,0,0,590.8
-77.8788888888889,45.07138888888889,45.071,-77.879,BANCROFT AUTO,616I001,26799.2020.4,2020-04,2023-07-20 10:16:42,ON,ONTARIO,ONTARIO,2020,4,,2.4586206896551723,29,-11.3,29,15.1,29,,55.1,29,8,,,0,1,,,0,0,450.7
-77.8788888888889,45.07138888888889,45.071,-77.879,BANCROFT AUTO,616I001,26799.2020.5,2020-05,2023-07-20 09:50:58,ON,ONTARIO,ONTARIO,2020,5,,9.541935483870967,31,-7.5,31,32.7,31,,60.6,31,7,,,0,,,,0,13.5,275.7
-77.8788888888889,45.07138888888889,45.071,-77.879,BANCROFT AUTO,616I001,26799.2020.6,2020-06,2023-07-20 10:19:59,ON,ONTARIO,ONTARIO,2020,6,,16.706666666666667,30,-0.6,30,31.8,30,,25.5,30,4,,,0,,,,0,32.2,71
-77.8788888888889,45.07138888888889,45.071,-77.879,BANCROFT AUTO,616I001,26799.2020.7,2020-07,2023-07-20 10:10:05,ON,ONTARIO,ONTARIO,2020,7,,21.31935483870968,31,9.6,31,35.5,31,,83.2,31,9,,,0,,,,0,103.2,0.3
-77.8788888888889,45.07138888888889,45.071,-77.879,BANCROFT AUTO,616I001,26799.2020.8,2020-08,2023-07-20 10:03:57,ON,ONTARIO,ONTARIO,2020,8,,17.73,30,4,30,30,30,,160.9,30,12,,,0,,,,0,34.1,42.2
-77.8788888888889,45.07138888888889,45.071,-77.879,BANCROFT AUTO,616I001,26799.2020.9,2020-09,2023-07-20 09:52:53,ON,ONTARIO,ONTARIO,2020,9,,12.176666666666666,30,-4.6,30,25.9,30,,95.8,30,7,,,0,,,,0,2.4,177.1
-77.8788888888889,45.07138888888889,45.071,-77.879,BANCROFT AUTO,616I001,26799.2020.10,2020-10,2023-07-20 10:04:19,ON,ONTARIO,ONTARIO,2020,10,,5.274193548387097,31,-12.6,31,22,31,,91.6,31,14,,,0,,,,0,0,394.5
-77.8788888888889,45.07138888888889,45.071,-77.879,BANCROFT AUTO,616I001,26799.2020.11,2020-11,2023-07-20 10:07:43,ON,ONTARIO,ONTARIO,2020,11,,2.8566666666666665,30,-9.6,30,21.1,30,,86.8,30,10,,,0,0,,,0,0,454.3
-77.8788888888889,45.07138888888889,45.071,-77.879,BANCROFT AUTO,616I001,26799.2020.12,2020-12,2023-07-20 10:00:12,ON,ONTARIO,ONTARIO,2020,12,,-4.445161290322581,31,-20.7,31,6.3,31,,94.9,31,13,,,0,17,,,0,0,695.8
-77.8788888888889,45.07138888888889,45.071,-77.879,BANCROFT AUTO,616I001,26799.2021.1,2021-01,2021-02-01 11:31:55,ON,ONTARIO,ONTARIO,2021,1,,-7.690322580645161,31,-28.2,31,2.5,31,,34.8,31,7,,,0,36,,,0,0,796.4
-77.8788888888889,45.07138888888889,45.071,-77.879,BANCROFT AUTO,616I001,26799.2021.2,2021-02,2021-03-01 11:32:04,ON,ONTARIO,ONTARIO,2021,2,,-10.3,28,-30.6,28,6.6,28,,58,28,10,,,0,61,,,0,0,792.4
-77.8788888888889,45.07138888888889,45.071,-77.879,BANCROFT AUTO,616I001,26799.2021.3,2021-03,2022-06-30 10:35:04,ON,ONTARIO,ONTARIO,2021,3,,-1.564516129032258,31,-24.8,31,18.8,31,,54.9,31,4,,,0,1,,,0,0,606.5
-77.8788888888889,45.07138888888889,45.071,-77.879,BANCROFT AUTO,616I001,26799.2021.4,2021-04,2022-07-03 09:48:42,ON,ONTARIO,ONTARIO,2021,4,,5.7,30,-11.4,30,24,30,,59.6,30,11,,,0,1,,,0,0,369
-77.8788888888889,45.07138888888889,45.071,-77.879,BANCROFT AUTO,616I001,26799.2021.5,2021-05,2022-07-04 10:33:22,ON,ONTARIO,ONTARIO,2021,5,,10.12258064516129,31,-4.8,31,30.9,31,,9.7,31,4,,,0,,,,0,6.9,251.1
-77.8788888888889,45.07138888888889,45.071,-77.879,BANCROFT AUTO,616I001,26799.2021.6,2021-06,2022-07-06 10:36:23,ON,ONTARIO,ONTARIO,2021,6,,17.60333333333333,30,1.6,30,32.4,30,,130.3,30,10,,,0,,,,0,43.1,55
-77.8788888888889,45.07138888888889,45.071,-77.879,BANCROFT AUTO,616I001,26799.2021.7,2021-07,2021-08-31 14:46:04,ON,ONTARIO,ONTARIO,2021,7,,18.09655172413793,29,6.8,29,28.5,29,,147.4,29,15,,,0,,,,0,34.8,32
-77.8788888888889,45.07138888888889,45.071,-77.879,BANCROFT AUTO,616I001,26799.2021.8,2021-08,2021-09-01 11:30:47,ON,ONTARIO,ONTARIO,2021,8,,20.270967741935483,31,6.3,31,31.2,31,,45.6,31,7,,,0,,,,0,91,20.6
-77.8788888888889,45.07138888888889,45.071,-77.879,BANCROFT AUTO,616I001,26799.2021.9,2021-09,2021-10-31 14:46:03,ON,ONTARIO,ONTARIO,2021,9,,12.99655172413793,29,0.8,29,24.6,29,,147.8,29,11,,,0,,,,0,0.9,146
-77.8788888888889,45.07138888888889,45.071,-77.879,BANCROFT AUTO,616I001,26799.2021.10,2021-10,2021-11-01 11:31:38,ON,ONTARIO,ONTARIO,2021,10,,10.151612903225807,31,-4,31,22.9,31,,106.3,30,10,,,0,,,,0,0,243.3
-77.8788888888889,45.07138888888889,45.071,-77.879,BANCROFT AUTO,616I001,26799.2021.11,2021-11,2021-12-02 09:45:56,ON,ONTARIO,ONTARIO,2021,11,,-0.06666666666666667,30,-17.2,30,17.2,30,,62.2,30,10,,,0,1,,,0,0,542
-77.8788888888889,45.07138888888889,45.071,-77.879,BANCROFT AUTO,616I001,26799.2021.12,2021-12,2022-01-01 11:33:35,ON,ONTARIO,ONTARIO,2021,12,,-4.2,31,-21.6,31,14.7,31,,78.9,31,9,,,0,4,,,0,0,688.2
-77.8788888888889,45.07138888888889,45.071,-77.879,BANCROFT AUTO,616I001,26799.2022.1,2022-01,2022-02-01 11:33:13,ON,ONTARIO,ONTARIO,2022,1,,-15.612903225806452,31,-37.2,31,2.4,31,,52.2,31,7,,,0,36,,,0,0,1042
-77.8788888888889,45.07138888888889,45.071,-77.879,BANCROFT AUTO,616I001,26799.2022.2,2022-02,2022-03-01 11:32:44,ON,ONTARIO,ONTARIO,2022,2,,-10.667857142857143,28,-34.7,28,7.3,28,,100.8,28,13,,,0,48,,,0,0,802.7
-77.8788888888889,45.07138888888889,45.071,-77.879,BANCROFT AUTO,616I001,26799.2022.3,2022-03,2022-04-01 11:31:07,ON,ONTARIO,ONTARIO,2022,3,,-3.0129032258064514,31,-28.5,31,18.1,31,,47,31,11,,,0,1,,,0,0,651.4
-77.8788888888889,45.07138888888889,45.071,-77.879,BANCROFT AUTO,616I001,26799.2022.4,2022-04,2022-05-01 11:32:20,ON,ONTARIO,ONTARIO,2022,4,,3.966666666666667,30,-8.3,30,20.8,30,,78.8,30,11,,,0,0,,,0,0,421
-77.8788888888889,45.07138888888889,45.071,-77.879,BANCROFT AUTO,616I001,26799.2022.5,2022-05,2022-06-01 11:33:14,ON,ONTARIO,ONTARIO,2022,5,,12.758064516129032,31,-5.7,31,31,31,,44.1,31,8,,,0,,,,0,12.3,174.8
-77.8788888888889,45.07138888888889,45.071,-77.879,BANCROFT AUTO,616I001,26799.2022.6,2022-06,2022-07-01 11:33:29,ON,ONTARIO,ONTARIO,2022,6,,16.186666666666667,30,1.9,30,33.2,30,,102.6,30,8,,,0,,,,0,20.6,75
-77.8788888888889,45.07138888888889,45.071,-77.879,BANCROFT AUTO,616I001,26799.2022.7,2022-07,2022-08-31 14:49:37,ON,ONTARIO,ONTARIO,2022,7,,18.251724137931035,29,4.4,29,31.1,29,,56.5,29,7,,,0,,,,0,32.2,24.9
-77.8788888888889,45.07138888888889,45.071,-77.879,BANCROFT AUTO,616I001,26799.2022.8,2022-08,2022-09-01 11:41:05,ON,ONTARIO,ONTARIO,2022,8,,18.116129032258065,31,4.8,31,31.5,31,,161.7,31,12,,,0,,,,0,37.2,33.6
-77.8788888888889,45.07138888888889,45.071,-77.879,BANCROFT AUTO,616I001,26799.2022.9,2022-09,2022-10-15 09:56:28,ON,ONTARIO,ONTARIO,2022,9,,13.59,30,-1.8,30,28.6,30,,72.9,30,8,,,0,,,,0,3.8,136.1
-77.8788888888889,45.07138888888889,45.071,-77.879,BANCROFT AUTO,616I001,26799.2022.10,2022-10,2022-11-01 11:38:53,ON,ONTARIO,ONTARIO,2022,10,,6.887096774193548,31,-7,31,23.8,31,,56.7,31,6,,,0,,,,0,0,344.5
-77.8788888888889,45.07138888888889,45.071,-77.879,BANCROFT AUTO,616I001,26799.2022.11,2022-11,2022-12-01 11:34:12,ON,ONTARIO,ONTARIO,2022,11,,1.5633333333333332,30,-15.4,30,20.9,30,,62.1,30,10,,,0,0,,,0,0,493.1
-77.8788888888889,45.07138888888889,45.071,-77.879,BANCROFT AUTO,616I001,26799.2022.12,2022-12,2023-01-01 11:35:52,ON,ONTARIO,ONTARIO,2022,12,,-4.061290322580645,31,-21.5,31,8,31,,133.1,31,14,,,0,17,,,0,0,683.9
-77.8788888888889,45.07138888888889,45.071,-77.879,BANCROFT AUTO,616I001,26799.2023.1,2023-01,2023-02-01 11:33:06,ON,ONTARIO,ONTARIO,2023,1,,-6.258064516129032,31,-25.4,31,3.3,31,,88.9,31,13,,,0,51,,,0,0,752
-77.8788888888889,45.07138888888889,45.071,-77.879,BANCROFT AUTO,616I001,26799.2023.2,2023-02,2023-03-01 11:33:48,ON,ONTARIO,ONTARIO,2023,2,,-8.514285714285714,28,-40.6,28,9.1,28,,49.1,28,10,,,0,43,,,0,0,742.4
-77.8788888888889,45.07138888888889,45.071,-77.879,BANCROFT AUTO,616I001,26799.2023.3,2023-03,2023-04-01 11:39:23,ON,ONTARIO,ONTARIO,2023,3,,-2.8129032258064517,31,-21.6,31,9.2,31,,74.2,31,11,,,0,33,,,0,0,645.2
-77.8788888888889,45.07138888888889,45.071,-77.879,BANCROFT AUTO,616I001,26799.2023.4,2023-04,2023-05-01 11:33:44,ON,ONTARIO,ONTARIO,2023,4,,5.88,30,-11.5,30,28.5,30,,139.8,30,10,,,0,1,,,0,0,363.6
-77.8788888888889,45.07138888888889,45.071,-77.879,BANCROFT AUTO,616I001,26799.2023.5,2023-05,2023-06-30 14:47:38,ON,ONTARIO,ONTARIO,2023,5,,10.593103448275862,29,-5.7,29,31,29,,69.5,29,7,,,0,,,,0,1.2,216
-77.8788888888889,45.07138888888889,45.071,-77.879,BANCROFT AUTO,616I001,26799.2023.6,2023-06,2023-07-01 14:47:21,ON,ONTARIO,ONTARIO,2023,6,,16.43,30,1.3,30,31.4,30,,82.7,30,8,,,0,,,,0,19.6,66.7
-77.8788888888889,45.07138888888889,45.071,-77.879,BANCROFT AUTO,616I001,26799.2023.7,2023-07,2023-08-01 11:33:39,ON,ONTARIO,ONTARIO,2023,7,,19.032258064516128,31,5.3,31,31.6,31,,63.9,31,9,,,0,,,,0,54.5,22.5
-78.7,44.63333333333333,44.633,-78.700,BURNT RIVER-CLARK,616J0FN,6958.1992.6,1992-06,2014-07-31 11:53:36,ON,ONTARIO,ONTARIO,1992,6,,14.552,25,0,25,29,26,,13.3,30,8,,0,30,0,,,,5,91.2
-78.7,44.63333333333333,44.633,-78.700,BURNT RIVER-CLARK,616J0FN,6958.1992.7,1992-07,2014-07-31 11:53:36,ON,ONTARIO,ONTARIO,1992,7,,16.34516129032258,31,3.5,31,26,31,,96.6,31,12,,0,31,0,,,,7.7,59
-78.7,44.63333333333333,44.633,-78.700,BURNT RIVER-CLARK,616J0FN,6958.1992.8,1992-08,2014-07-31 11:53:36,ON,ONTARIO,ONTARIO,1992,8,,16.116129032258065,31,3,31,29,31,,200.3,31,11,,0,31,0,,,,13.9,72.3
-78.78333333333333,44.56666666666667,44.567,-78.783,ROSEDALE,616PA87,5151.1976.5,1976-05,2014-07-31 11:52:08,ON,ONTARIO,ONTARIO,1976,5,,12.447368421052632,19,0.6,19,24.4,19,,58.5,19,9,,0,19,,,,,0,105.5
-78.78333333333333,44.56666666666667,44.567,-78.783,ROSEDALE,616PA87,5151.1976.7,1976-07,2014-07-31 11:52:08,ON,ONTARIO,ONTARIO,1976,7,,18.761290322580646,31,6.1,31,30.6,31,,79.6,31,7,,0,31,,,,,41.8,18.2
-78.78333333333333,44.56666666666667,44.567,-78.783,ROSEDALE,616PA87,5151.1976.8,1976-08,2014-07-31 11:52:08,ON,ONTARIO,ONTARIO,1976,8,,18.032258064516128,31,2.2,31,30,31,,98.1,31,8,,0,31,,,,,42.2,41.2
-78.78333333333333,44.56666666666667,44.567,-78.783,ROSEDALE,616PA87,5151.1976.9,1976-09,2014-07-31 11:52:08,ON,ONTARIO,ONTARIO,1976,9,,13.673333333333334,30,0.6,30,26.7,30,,82.4,30,12,,0,30,,,,,7.8,137.6
-78.78333333333333,44.56666666666667,44.567,-78.783,ROSEDALE,616PA87,5151.1977.5,1977-05,2014-07-31 11:52:08,ON,ONTARIO,ONTARIO,1977,5,,18.276923076923076,13,2.2,13,32.2,13,,29.9,14,4,,0,31,,,,,19.4,15.8
-78.78333333333333,44.56666666666667,44.567,-78.783,ROSEDALE,616PA87,5151.1977.6,1977-06,2014-07-31 11:52:08,ON,ONTARIO,ONTARIO,1977,6,,16.066666666666666,30,1.1,30,30,30,,57.5,30,7,,0,30,,,,,17.5,75.5
-78.78333333333333,44.56666666666667,44.567,-78.783,ROSEDALE,616PA87,5151.1977.7,1977-07,2014-07-31 11:52:08,ON,ONTARIO,ONTARIO,1977,7,,20.003225806451614,31,5,31,34.4,31,,75.5,31,8,,0,31,,,,,82.3,20.2
-78.78333333333333,44.56666666666667,44.567,-78.783,ROSEDALE,616PA87,5151.1977.8,1977-08,2014-07-31 11:52:08,ON,ONTARIO,ONTARIO,1977,8,,17.164516129032258,31,5,31,31.1,31,,120.8,31,11,,0,31,,,,,32.2,58.1
-78.78333333333333,44.56666666666667,44.567,-78.783,ROSEDALE,616PA87,5151.1977.9,1977-09,2014-07-31 11:52:08,ON,ONTARIO,ONTARIO,1977,9,,14.283333333333333,30,1.7,30,29.4,30,,57.7,30,13,,0,30,,,,,7.3,118.8
-78.78333333333333,44.56666666666667,44.567,-78.783,ROSEDALE,616PA87,5151.1977.10,1977-10,2014-07-31 11:52:08,ON,ONTARIO,ONTARIO,1977,10,,8.354545454545455,11,0.6,11,16.7,11,,56.9,11,7,,0,11,,,,,0,106.1
-78.78333333333333,44.56666666666667,44.567,-78.783,ROSEDALE,616PA87,5151.1978.5,1978-05,2014-07-31 11:52:08,ON,ONTARIO,ONTARIO,1978,5,,17.205882352941178,17,5,17,31,17,,18,17,4,,0,31,,,,,22.5,36
-78.78333333333333,44.56666666666667,44.567,-78.783,ROSEDALE,616PA87,5151.1978.6,1978-06,2014-07-31 11:52:08,ON,ONTARIO,ONTARIO,1978,6,,16.63,30,4,30,31,30,,45.6,30,8,,0,30,,,,,26.5,67.6
-78.78333333333333,44.56666666666667,44.567,-78.783,ROSEDALE,616PA87,5151.1978.7,1978-07,2014-07-31 11:52:08,ON,ONTARIO,ONTARIO,1978,7,,20.048387096774192,31,8,31,33,31,,31.2,31,7,,0,31,,,,,74.5,11
-78.78333333333333,44.56666666666667,44.567,-78.783,ROSEDALE,616PA87,5151.1978.8,1978-08,2014-07-31 11:52:08,ON,ONTARIO,ONTARIO,1978,8,,19.048387096774192,31,6,31,31,31,,100.8,31,13,,0,31,,,,,52.5,20
-78.78333333333333,44.56666666666667,44.567,-78.783,ROSEDALE,616PA87,5151.1978.9,1978-09,2014-07-31 11:52:08,ON,ONTARIO,ONTARIO,1978,9,,13.15,30,0,30,26,30,,97,30,12,,0,30,,,,,6,151.5
-78.78333333333333,44.56666666666667,44.567,-78.783,ROSEDALE,616PA87,5151.1979.5,1979-05,2014-07-31 11:52:08,ON,ONTARIO,ONTARIO,1979,5,,11.78125,16,1,16,24,16,,50,17,9,,0,31,,,,,0.5,100
-78.78333333333333,44.56666666666667,44.567,-78.783,ROSEDALE,616PA87,5151.1979.6,1979-06,2014-07-31 11:52:08,ON,ONTARIO,ONTARIO,1979,6,,16.566666666666666,30,4,30,30,30,,96,30,12,,0,30,,,,,29.5,72.5
-78.78333333333333,44.56666666666667,44.567,-78.783,ROSEDALE,616PA87,5151.1979.7,1979-07,2014-07-31 11:52:08,ON,ONTARIO,ONTARIO,1979,7,,20.112903225806452,31,6,31,32,31,,13.1,31,6,,0,31,,,,,81,15.5
-78.78333333333333,44.56666666666667,44.567,-78.783,ROSEDALE,616PA87,5151.1979.9,1979-09,2014-07-31 11:52:08,ON,ONTARIO,ONTARIO,1979,9,,14.433333333333334,30,-1,30,29,30,,43,30,6,,0,30,,,,,12.5,119.5
-78.78333333333333,44.56666666666667,44.567,-78.783,ROSEDALE,616PA87,5151.1979.10,1979-10,2014-07-31 11:52:08,ON,ONTARIO,ONTARIO,1979,10,,9.5,9,-7,10,22,9,,46,12,5,,0,31,,,,,0,76.5
-78.78333333333333,44.56666666666667,44.567,-78.783,ROSEDALE,616PA87,5151.1980.5,1980-05,2014-07-31 11:52:08,ON,ONTARIO,ONTARIO,1980,5,,14.923529411764706,17,0.4,17,30,18,,36.2,31,9,,0,31,,,,,9.1,61.4
-78.78333333333333,44.56666666666667,44.567,-78.783,ROSEDALE,616PA87,5151.1980.6,1980-06,2014-07-31 11:52:08,ON,ONTARIO,ONTARIO,1980,6,,14.216666666666667,30,0,30,29.5,30,,125,30,10,,0,30,,,,,13.9,127.4
-78.78333333333333,44.56666666666667,44.567,-78.783,ROSEDALE,616PA87,5151.1980.7,1980-07,2014-07-31 11:52:08,ON,ONTARIO,ONTARIO,1980,7,,19.47741935483871,31,7,31,30,31,,73.8,31,7,,0,31,,,,,54,8.2
-78.78333333333333,44.56666666666667,44.567,-78.783,ROSEDALE,616PA87,5151.1980.8,1980-08,2014-07-31 11:52:08,ON,ONTARIO,ONTARIO,1980,8,,20.248387096774195,31,9,31,29.5,31,,59.8,31,9,,0,31,,,,,73.3,3.6
-78.78333333333333,44.56666666666667,44.567,-78.783,ROSEDALE,616PA87,5151.1980.9,1980-09,2014-07-31 11:52:08,ON,ONTARIO,ONTARIO,1980,9,,14.09,30,0,30,25.5,30,,66.4,30,10,,0,30,,,,,9.8,127.1
-78.78333333333333,44.56666666666667,44.567,-78.783,ROSEDALE,616PA87,5151.1980.10,1980-10,2014-07-31 11:52:08,ON,ONTARIO,ONTARIO,1980,10,,8.092857142857143,14,-3,14,24,14,,37,25,6,,0,31,,,,,0,138.7
-78.78333333333333,44.56666666666667,44.567,-78.783,ROSEDALE,616PA87,5151.1981.5,1981-05,2014-07-31 11:52:08,ON,ONTARIO,ONTARIO,1981,5,,13.75294117647059,17,-1,17,,0,,36.6,26,6,,0,31,,,,,2,74.2
-78.78333333333333,44.56666666666667,44.567,-78.783,ROSEDALE,616PA87,5151.1981.6,1981-06,2014-07-31 11:52:08,ON,ONTARIO,ONTARIO,1981,6,,17.11,30,6,30,31.5,30,,71.1,30,10,,0,30,,,,,28,54.7
-78.78333333333333,44.56666666666667,44.567,-78.783,ROSEDALE,616PA87,5151.1981.7,1981-07,2014-07-31 11:52:08,ON,ONTARIO,ONTARIO,1981,7,,20.15483870967742,31,6.5,31,30,31,,40.5,31,7,,0,31,,,,,76.7,9.9
-78.78333333333333,44.56666666666667,44.567,-78.783,ROSEDALE,616PA87,5151.1981.8,1981-08,2014-07-31 11:52:08,ON,ONTARIO,ONTARIO,1981,8,,18.47741935483871,31,6,31,28.5,31,,93.6,31,14,,0,31,,,,,30.5,15.7
-78.78333333333333,44.56666666666667,44.567,-78.783,ROSEDALE,616PA87,5151.1981.9,1981-09,2014-07-31 11:52:08,ON,ONTARIO,ONTARIO,1981,9,,13.316666666666666,30,-1,30,24.5,30,,93.8,30,14,,0,30,,,,,8.8,149.3
-78.78333333333333,44.56666666666667,44.567,-78.783,ROSEDALE,616PA87,5151.1981.10,1981-10,2014-07-31 11:52:08,ON,ONTARIO,ONTARIO,1981,10,,6.446153846153846,13,-3,14,15,13,,39.2,13,6,,0,13,,,,,0,150.2
-78.78333333333333,44.56666666666667,44.567,-78.783,ROSEDALE,616PA87,5151.1982.5,1982-05,2014-07-31 11:52:08,ON,ONTARIO,ONTARIO,1982,5,,15.381818181818181,11,4.5,11,24.5,11,,28.5,12,5,,0,13,,,,,4.5,33.3
-78.78333333333333,44.56666666666667,44.567,-78.783,ROSEDALE,616PA87,5151.1982.6,1982-06,2014-07-31 11:52:08,ON,ONTARIO,ONTARIO,1982,6,,15.283333333333333,30,4,30,26.5,30,,119,30,16,,0,30,,,,,3.6,85.1
-78.78333333333333,44.56666666666667,44.567,-78.783,ROSEDALE,616PA87,5151.1982.7,1982-07,2014-07-31 11:52:08,ON,ONTARIO,ONTARIO,1982,7,,19.787096774193547,31,7,31,31.5,31,,38,31,6,,0,31,,,,,69.5,14.1
-78.78333333333333,44.56666666666667,44.567,-78.783,ROSEDALE,616PA87,5151.1982.8,1982-08,2014-07-31 11:52:08,ON,ONTARIO,ONTARIO,1982,8,,16.248387096774195,31,4,31,27.5,31,,101,31,11,,0,31,,,,,13.2,67.5
-78.78333333333333,44.56666666666667,44.567,-78.783,ROSEDALE,616PA87,5151.1982.9,1982-09,2014-07-31 11:52:08,ON,ONTARIO,ONTARIO,1982,9,,13.846666666666666,30,1,30,29.5,30,,89.2,30,17,,0,30,,,,,8.4,133
-78.78333333333333,44.56666666666667,44.567,-78.783,ROSEDALE,616PA87,5151.1982.10,1982-10,2014-07-31 11:52:08,ON,ONTARIO,ONTARIO,1982,10,,11.566666666666666,12,2,12,23,12,,19.2,13,5,,0,13,,,,,0,77.2
-78.78333333333333,44.56666666666667,44.567,-78.783,ROSEDALE,616PA87,5151.1983.5,1983-05,2014-07-31 11:52:08,ON,ONTARIO,ONTARIO,1983,5,,11.333333333333334,12,0,12,20,12,,33.4,12,6,,0,12,0,,,,0,80
-78.78333333333333,44.56666666666667,44.567,-78.783,ROSEDALE,616PA87,5151.1983.6,1983-06,2014-07-31 11:52:08,ON,ONTARIO,ONTARIO,1983,6,,17.476666666666667,30,1.5,30,31.5,30,,32.8,30,5,,0,30,0,,,,43.2,58.9
-78.78333333333333,44.56666666666667,44.567,-78.783,ROSEDALE,616PA87,5151.1983.7,1983-07,2014-07-31 11:52:08,ON,ONTARIO,ONTARIO,1983,7,,21.06774193548387,31,7.5,31,32,31,,57.8,31,8,,0,31,0,,,,104.1,9
-78.78333333333333,44.56666666666667,44.567,-78.783,ROSEDALE,616PA87,5151.1983.8,1983-08,2014-07-31 11:52:08,ON,ONTARIO,ONTARIO,1983,8,,19.84516129032258,31,7,31,30,31,,92.6,31,9,,0,31,0,,,,71.2,14
-78.78333333333333,44.56666666666667,44.567,-78.783,ROSEDALE,616PA87,5151.1983.9,1983-09,2014-07-31 11:52:08,ON,ONTARIO,ONTARIO,1983,9,,15.523333333333333,30,1,30,30,30,,49,30,9,,0,30,0,,,,30.9,105.2
-78.78333333333333,44.56666666666667,44.567,-78.783,ROSEDALE,616PA87,5151.1983.10,1983-10,2014-07-31 11:52:08,ON,ONTARIO,ONTARIO,1983,10,,11.090909090909092,11,-2,11,25,11,,42.6,12,6,,0,31,0,,,,0.5,76.5
-78.78333333333333,44.56666666666667,44.567,-78.783,ROSEDALE,616PA87,5151.1984.5,1984-05,2014-07-31 11:52:08,ON,ONTARIO,ONTARIO,1984,5,,12.285714285714286,14,4,14,27.5,15,,39,15,7,,0,31,,,,,1.3,81.3
-78.78333333333333,44.56666666666667,44.567,-78.783,ROSEDALE,616PA87,5151.1984.6,1984-06,2014-07-31 11:52:08,ON,ONTARIO,ONTARIO,1984,6,,17.243333333333332,30,3,30,31,30,,59.4,30,6,,0,30,0,,,,33.5,56.2
-78.78333333333333,44.56666666666667,44.567,-78.783,ROSEDALE,616PA87,5151.1984.7,1984-07,2014-07-31 11:52:08,ON,ONTARIO,ONTARIO,1984,7,,18.89032258064516,31,6.5,31,29,31,,70.7,31,7,,0,31,0,,,,44.8,17.2
-78.78333333333333,44.56666666666667,44.567,-78.783,ROSEDALE,616PA87,5151.1984.8,1984-08,2014-07-31 11:52:08,ON,ONTARIO,ONTARIO,1984,8,,20.019354838709678,31,5,31,29.5,31,,123.6,31,11,,0,31,0,,,,81.1,18.5
-78.78333333333333,44.56666666666667,44.567,-78.783,ROSEDALE,616PA87,5151.1984.9,1984-09,2014-07-31 11:52:08,ON,ONTARIO,ONTARIO,1984,9,,12.94,30,-1,30,24.5,30,,69.1,30,14,,0,30,0,,,,4.3,156.1
-78.78333333333333,44.56666666666667,44.567,-78.783,ROSEDALE,616PA87,5151.1984.10,1984-10,2014-07-31 11:52:08,ON,ONTARIO,ONTARIO,1984,10,,7.75,8,-3,9,17,8,,11.4,9,4,,0,9,,,,,0,82
-78.78333333333333,44.56666666666667,44.567,-78.783,ROSEDALE,616PA87,5151.1985.5,1985-05,2014-07-31 11:52:08,ON,ONTARIO,ONTARIO,1985,5,,13.046666666666667,15,2.5,15,24.5,15,,55,28,8,,0,31,,,,,0,74.3
-78.78333333333333,44.56666666666667,44.567,-78.783,ROSEDALE,616PA87,5151.1985.6,1985-06,2014-07-31 11:52:08,ON,ONTARIO,ONTARIO,1985,6,,15.046666666666667,30,3,30,27,30,,39,27,7,,0,30,,,,,4.4,93
-78.78333333333333,44.56666666666667,44.567,-78.783,ROSEDALE,616PA87,5151.1985.7,1985-07,2014-07-31 11:52:08,ON,ONTARIO,ONTARIO,1985,7,,19.06774193548387,31,7,31,30,31,,50.6,31,11,,0,31,0,,,,49.7,16.6
-78.78333333333333,44.56666666666667,44.567,-78.783,ROSEDALE,616PA87,5151.1985.8,1985-08,2014-07-31 11:52:08,ON,ONTARIO,ONTARIO,1985,8,,17.809677419354838,31,5.5,31,30,31,,134.6,31,13,,0,31,0,,,,33.3,39.2
-78.78333333333333,44.56666666666667,44.567,-78.783,ROSEDALE,616PA87,5151.1985.9,1985-09,2014-07-31 11:52:08,ON,ONTARIO,ONTARIO,1985,9,,15.576666666666666,30,4,30,28.5,30,,199.4,30,10,,0,30,0,,,,21.1,93.8
-78.78333333333333,44.56666666666667,44.567,-78.783,ROSEDALE,616PA87,5151.1985.10,1985-10,2014-07-31 11:52:08,ON,ONTARIO,ONTARIO,1985,10,,9.773333333333333,15,-0.5,16,17,15,,56.2,31,9,,0,31,0,,,,0,123.4
-78.78333333333333,44.56666666666667,44.567,-78.783,ROSEDALE,616PA87,5151.1986.5,1986-05,2014-07-31 11:52:08,ON,ONTARIO,ONTARIO,1986,5,,15.536842105263158,19,-3,19,28,19,,82.9,31,10,,0,31,,,,,14,60.8
-78.78333333333333,44.56666666666667,44.567,-78.783,ROSEDALE,616PA87,5151.1986.6,1986-06,2014-07-31 11:52:08,ON,ONTARIO,ONTARIO,1986,6,,15.92,30,3,30,27,30,,121.6,30,14,,0,30,,,,,9.9,72.3
-78.78333333333333,44.56666666666667,44.567,-78.783,ROSEDALE,616PA87,5151.1986.7,1986-07,2014-07-31 11:52:08,ON,ONTARIO,ONTARIO,1986,7,,20.06451612903226,31,7,31,32,31,,85.3,31,7,,0,31,,,,,78.5,14.5
-78.78333333333333,44.56666666666667,44.567,-78.783,ROSEDALE,616PA87,5151.1986.8,1986-08,2014-07-31 11:52:08,ON,ONTARIO,ONTARIO,1986,8,,17.39677419354839,31,3,31,28,31,,131.8,31,16,,0,31,,,,,31.2,49.9
-78.78333333333333,44.56666666666667,44.567,-78.783,ROSEDALE,616PA87,5151.1986.9,1986-09,2014-07-31 11:52:08,ON,ONTARIO,ONTARIO,1986,9,,13.9,30,1,30,23.5,30,,202,30,16,,0,30,,,,,6.2,129.2
-78.78333333333333,44.56666666666667,44.567,-78.783,ROSEDALE,616PA87,5151.1986.10,1986-10,2014-07-31 11:52:08,ON,ONTARIO,ONTARIO,1986,10,,9.072727272727272,22,-3.5,22,19,22,,45,26,8,,0,31,,,,,0,196.4
-78.78333333333333,44.56666666666667,44.567,-78.783,ROSEDALE,616PA87,5151.1987.5,1987-05,2014-07-31 11:52:08,ON,ONTARIO,ONTARIO,1987,5,,15.7,17,-1.5,24,31,24,,36,31,6,,0,31,,,,,23.2,62.3
-78.78333333333333,44.56666666666667,44.567,-78.783,ROSEDALE,616PA87,5151.1987.6,1987-06,2014-07-31 11:52:08,ON,ONTARIO,ONTARIO,1987,6,,18.213333333333335,30,4,30,30,30,,73,30,15,,0,30,,,,,44.5,38.1
-78.78333333333333,44.56666666666667,44.567,-78.783,ROSEDALE,616PA87,5151.1987.7,1987-07,2014-07-31 11:52:08,ON,ONTARIO,ONTARIO,1987,7,,21.141935483870967,31,9,31,33,31,,116.2,31,7,,0,31,,,,,108.9,11.5
-78.78333333333333,44.56666666666667,44.567,-78.783,ROSEDALE,616PA87,5151.1987.8,1987-08,2014-07-31 11:52:08,ON,ONTARIO,ONTARIO,1987,8,,18.66774193548387,31,7,31,31.5,31,,53.8,31,11,,0,31,,,,,53.8,33.1
-78.78333333333333,44.56666666666667,44.567,-78.783,ROSEDALE,616PA87,5151.1987.9,1987-09,2014-07-31 11:52:08,ON,ONTARIO,ONTARIO,1987,9,,14.706666666666667,30,1,30,26,30,,65.6,30,13,,0,30,,,,,4.6,103.4
-78.78333333333333,44.56666666666667,44.567,-78.783,ROSEDALE,616PA87,5151.1987.10,1987-10,2014-07-31 11:52:08,ON,ONTARIO,ONTARIO,1987,10,,6.990909090909091,22,-3,22,18.5,22,,26,26,4,,0,31,,,,,0,242.2
-78.78333333333333,44.56666666666667,44.567,-78.783,ROSEDALE,616PA87,5151.1988.5,1988-05,2014-07-31 11:52:08,ON,ONTARIO,ONTARIO,1988,5,,16.836363636363636,11,3,11,29,11,,3.8,24,1,,0,31,,,,,9.6,22.4
-78.78333333333333,44.56666666666667,44.567,-78.783,ROSEDALE,616PA87,5151.1988.6,1988-06,2014-07-31 11:52:08,ON,ONTARIO,ONTARIO,1988,6,,16.69,30,3,30,32.5,30,,28.8,30,5,,0,30,,,,,38.2,77.5
-78.78333333333333,44.56666666666667,44.567,-78.783,ROSEDALE,616PA87,5151.1988.7,1988-07,2014-07-31 11:52:08,ON,ONTARIO,ONTARIO,1988,7,,21.638709677419357,31,7,31,35,31,,42,31,11,,0,31,,,,,118.2,5.4
-78.78333333333333,44.56666666666667,44.567,-78.783,ROSEDALE,616PA87,5151.1988.8,1988-08,2014-07-31 11:52:08,ON,ONTARIO,ONTARIO,1988,8,,19.954838709677418,31,5,31,35,31,,93,31,11,,0,31,,,,,96,35.4
-78.78333333333333,44.56666666666667,44.567,-78.783,ROSEDALE,616PA87,5151.1988.9,1988-09,2014-07-31 11:52:08,ON,ONTARIO,ONTARIO,1988,9,,14.043333333333333,30,2.5,30,26,30,,49.8,30,11,,0,30,,,,,3.6,122.3
-78.78333333333333,44.56666666666667,44.567,-78.783,ROSEDALE,616PA87,5151.1988.10,1988-10,2014-07-31 11:52:08,ON,ONTARIO,ONTARIO,1988,10,,6.79,20,-4.5,20,24,20,,42.4,23,4,,0,31,,,,,1,225.2
-78.78333333333333,44.56666666666667,44.567,-78.783,ROSEDALE,616PA87,5151.1989.5,1989-05,2014-07-31 11:52:08,ON,ONTARIO,ONTARIO,1989,5,,13.547619047619047,21,-1,21,27.5,22,,90.8,31,8,,0,31,,,,,4.6,98.1
-78.78333333333333,44.56666666666667,44.567,-78.783,ROSEDALE,616PA87,5151.1989.6,1989-06,2014-07-31 11:52:08,ON,ONTARIO,ONTARIO,1989,6,,18.013333333333332,30,7,30,29.5,30,,73.8,30,11,,0,30,,,,,35.8,35.4
-78.78333333333333,44.56666666666667,44.567,-78.783,ROSEDALE,616PA87,5151.1989.7,1989-07,2014-07-31 11:52:08,ON,ONTARIO,ONTARIO,1989,7,,20.65483870967742,31,7,31,32,31,,4,31,2,,0,31,,,,,89.1,6.8
-78.78333333333333,44.56666666666667,44.567,-78.783,ROSEDALE,616PA87,5151.1989.8,1989-08,2014-07-31 11:52:08,ON,ONTARIO,ONTARIO,1989,8,,18.60322580645161,31,4.5,31,30.5,31,,73.2,31,11,,0,31,,,,,52.1,33.4
-78.78333333333333,44.56666666666667,44.567,-78.783,ROSEDALE,616PA87,5151.1989.9,1989-09,2014-07-31 11:52:08,ON,ONTARIO,ONTARIO,1989,9,,14.206666666666667,30,-1,30,27,30,,47,30,6,,0,30,,,,,14.3,128.1
-78.78333333333333,44.56666666666667,44.567,-78.783,ROSEDALE,616PA87,5151.1989.10,1989-10,2014-07-31 11:52:08,ON,ONTARIO,ONTARIO,1989,10,,8.28888888888889,9,0,9,21,9,,16.5,31,6,,0,31,,,,,0,87.4
-78.78333333333333,44.56666666666667,44.567,-78.783,ROSEDALE,616PA87,5151.1990.5,1990-05,2014-07-31 11:52:08,ON,ONTARIO,ONTARIO,1990,5,,11.721428571428572,14,2,14,24,15,,26,25,5,,0,31,,,,,0,87.9
-78.78333333333333,44.56666666666667,44.567,-78.783,ROSEDALE,616PA87,5151.1990.6,1990-06,2014-07-31 11:52:08,ON,ONTARIO,ONTARIO,1990,6,,17.76,30,6,30,29,30,,110.8,30,14,,0,30,,,,,34.4,41.6
-78.78333333333333,44.56666666666667,44.567,-78.783,ROSEDALE,616PA87,5151.1990.7,1990-07,2014-07-31 11:52:08,ON,ONTARIO,ONTARIO,1990,7,,19.725806451612904,31,9,31,30.5,31,,76.4,31,8,,0,31,,,,,65.2,11.7
-78.78333333333333,44.56666666666667,44.567,-78.783,ROSEDALE,616PA87,5151.1990.8,1990-08,2014-07-31 11:52:08,ON,ONTARIO,ONTARIO,1990,8,,19.125806451612902,31,9,31,29,31,,40.4,31,6,,0,31,,,,,46.1,11.2
-78.78333333333333,44.56666666666667,44.567,-78.783,ROSEDALE,616PA87,5151.1990.9,1990-09,2014-07-31 11:52:08,ON,ONTARIO,ONTARIO,1990,9,,13.516666666666667,30,0,30,27,30,,90.4,30,13,,0,30,,,,,6.6,141.1
-78.78333333333333,44.56666666666667,44.567,-78.783,ROSEDALE,616PA87,5151.1990.10,1990-10,2014-07-31 11:52:08,ON,ONTARIO,ONTARIO,1990,10,,11.133333333333333,9,1,9,25.5,9,,49,24,6,,0,31,,,,,0,61.8
-78.78333333333333,44.56666666666667,44.567,-78.783,ROSEDALE,616PA87,5151.1991.5,1991-05,2014-07-31 11:52:08,ON,ONTARIO,ONTARIO,1991,5,,20.39090909090909,11,9,11,28,12,,84,25,7,,0,31,0,,,,27.3,1
-78.78333333333333,44.56666666666667,44.567,-78.783,ROSEDALE,616PA87,5151.1991.6,1991-06,2014-07-31 11:52:08,ON,ONTARIO,ONTARIO,1991,6,,18.836666666666666,30,7,30,34.5,30,,19.8,30,6,,0,30,0,,,,48.8,23.7
-78.78333333333333,44.56666666666667,44.567,-78.783,ROSEDALE,616PA87,5151.1991.7,1991-07,2014-07-31 11:52:08,ON,ONTARIO,ONTARIO,1991,7,,20.18064516129032,31,9,31,33.5,31,,54.5,31,10,,0,31,0,,,,73.5,5.9
-78.78333333333333,44.56666666666667,44.567,-78.783,ROSEDALE,616PA87,5151.1991.8,1991-08,2014-07-31 11:52:08,ON,ONTARIO,ONTARIO,1991,8,,19.967741935483872,31,8,31,32,31,,38.2,31,10,,0,31,0,,,,70.2,9.2
-78.78333333333333,44.56666666666667,44.567,-78.783,ROSEDALE,616PA87,5151.1991.9,1991-09,2014-07-31 11:52:08,ON,ONTARIO,ONTARIO,1991,9,,13.976190476190476,21,-0.5,22,30,21,,69.2,30,7,,0,30,0,,,,12.6,97.1
-78.78333333333333,44.56666666666667,44.567,-78.783,ROSEDALE,616PA87,5151.1991.10,1991-10,2014-07-31 11:52:08,ON,ONTARIO,ONTARIO,1991,10,,8.415384615384616,13,-4,13,22,14,,62.4,27,10,,0,31,0,,,,0,124.6
-78.78333333333333,44.56666666666667,44.567,-78.783,ROSEDALE,616PA87,5151.1992.5,1992-05,2014-07-31 11:52:08,ON,ONTARIO,ONTARIO,1992,5,,13,12,1,12,27,13,,24.8,25,3,,0,31,0,,,,2.5,62.5
-78.78333333333333,44.56666666666667,44.567,-78.783,ROSEDALE,616PA87,5151.1992.6,1992-06,2014-07-31 11:52:08,ON,ONTARIO,ONTARIO,1992,6,,15.633333333333333,30,3,30,29,30,,18.2,30,9,,0,30,0,,,,9.8,80.8
-78.78333333333333,44.56666666666667,44.567,-78.783,ROSEDALE,616PA87,5151.1992.7,1992-07,2014-07-31 11:52:08,ON,ONTARIO,ONTARIO,1992,7,,16.95806451612903,31,6,31,26,31,,96.9,31,13,,0,31,0,,,,6.8,39.1
-78.78333333333333,44.56666666666667,44.567,-78.783,ROSEDALE,616PA87,5151.1992.8,1992-08,2014-07-31 11:52:08,ON,ONTARIO,ONTARIO,1992,8,,16.84516129032258,31,6,31,29,31,,159,31,13,,0,31,0,,,,17.8,53.6
-78.78333333333333,44.56666666666667,44.567,-78.783,ROSEDALE,616PA87,5151.1992.9,1992-09,2014-07-31 11:52:08,ON,ONTARIO,ONTARIO,1992,9,,14.22,30,0,30,25,30,,81.2,30,11,,0,30,0,,,,14.6,128
-78.78333333333333,44.56666666666667,44.567,-78.783,ROSEDALE,616PA87,5151.1992.10,1992-10,2014-07-31 11:52:08,ON,ONTARIO,ONTARIO,1992,10,,10.066666666666666,12,-1.5,13,21.5,12,,12.4,25,4,,0,29,,,,,0,95.2
-78.78333333333333,44.56666666666667,44.567,-78.783,ROSEDALE,616PA87,5151.1993.5,1993-05,2014-07-31 11:52:08,ON,ONTARIO,ONTARIO,1993,5,,11.4,7,4,7,19,7,,35.2,23,3,,0,31,0,,,,0,46.2
-78.78333333333333,44.56666666666667,44.567,-78.783,ROSEDALE,616PA87,5151.1993.6,1993-06,2014-07-31 11:52:08,ON,ONTARIO,ONTARIO,1993,6,,16.74,30,5,30,27,30,,86.6,30,10,,0,30,0,,,,18.8,56.6
-78.78333333333333,44.56666666666667,44.567,-78.783,ROSEDALE,616PA87,5151.1993.7,1993-07,2014-07-31 11:52:08,ON,ONTARIO,ONTARIO,1993,7,,20.419354838709676,31,9,31,31.5,31,,61.8,31,11,,0,31,0,,,,78.2,3.2
-78.78333333333333,44.56666666666667,44.567,-78.783,ROSEDALE,616PA87,5151.1993.8,1993-08,2014-07-31 11:52:08,ON,ONTARIO,ONTARIO,1993,8,,19.86774193548387,31,7,31,32,31,,69.8,31,12,,0,31,0,,,,73.6,15.7
-78.78333333333333,44.56666666666667,44.567,-78.783,ROSEDALE,616PA87,5151.1993.9,1993-09,2014-07-31 11:52:08,ON,ONTARIO,ONTARIO,1993,9,,12.513333333333334,30,-1,30,28,30,,84.8,30,12,,0,30,0,,,,10,174.6
-78.78333333333333,44.56666666666667,44.567,-78.783,ROSEDALE,616PA87,5151.1993.10,1993-10,2014-07-31 11:52:08,ON,ONTARIO,ONTARIO,1993,10,,7.372727272727273,11,-4,11,22,11,,31.4,27,4,,0,30,,,,,0,116.9
-78.78333333333333,44.56666666666667,44.567,-78.783,ROSEDALE,616PA87,5151.1994.6,1994-06,2014-07-31 11:52:08,ON,ONTARIO,ONTARIO,1994,6,,19.16190476190476,21,5,21,33,22,,39,30,9,,0,30,0,,,,44.3,19.9
-78.78333333333333,44.56666666666667,44.567,-78.783,ROSEDALE,616PA87,5151.1994.7,1994-07,2014-07-31 11:52:08,ON,ONTARIO,ONTARIO,1994,7,,20.287096774193547,31,8,31,31,31,,57.8,31,13,,0,31,0,,,,76.6,5.7
-78.78333333333333,44.56666666666667,44.567,-78.783,ROSEDALE,616PA87,5151.1994.8,1994-08,2014-07-31 11:52:08,ON,ONTARIO,ONTARIO,1994,8,,17.503225806451614,31,6,31,28,31,,99.9,31,10,,0,31,0,,,,27.9,43.3
-78.78333333333333,44.56666666666667,44.567,-78.783,ROSEDALE,616PA87,5151.1994.9,1994-09,2014-07-31 11:52:08,ON,ONTARIO,ONTARIO,1994,9,,14.89,30,3,30,28,30,,75.4,30,11,,0,30,0,,,,4.3,97.6
-78.13001,44.46279666666667,44.463,-78.130,WARSAW,616RKR0,6912.1991.8,1991-08,2014-07-31 11:53:34,ON,ONTARIO,ONTARIO,1991,8,,,0,,0,,0,,43,31,6,,0,31,0,,,,,
-78.13001,44.46279666666667,44.463,-78.130,WARSAW,616RKR0,6912.1991.9,1991-09,2014-07-31 11:53:34,ON,ONTARIO,ONTARIO,1991,9,,,0,,0,,0,,68.8,30,11,,0,30,0,,,,,
-78.13001,44.46279666666667,44.463,-78.130,WARSAW,616RKR0,6912.1991.10,1991-10,2014-07-31 11:53:34,ON,ONTARIO,ONTARIO,1991,10,,,0,,0,,0,,83.8,31,16,,0,31,0,,,,,
-78.13001,44.46279666666667,44.463,-78.130,WARSAW,616RKR0,6912.1991.11,1991-11,2014-07-31 11:53:34,ON,ONTARIO,ONTARIO,1991,11,,,0,,0,,0,,39.4,30,9,,9.6,30,,,,,,
-78.13001,44.46279666666667,44.463,-78.130,WARSAW,616RKR0,6912.1991.12,1991-12,2014-07-31 11:53:34,ON,ONTARIO,ONTARIO,1991,12,,,0,,0,,0,,39,24,9,,50,31,8,,,,,
-78.13001,44.46279666666667,44.463,-78.130,WARSAW,616RKR0,6912.1992.1,1992-01,2014-07-31 11:53:34,ON,ONTARIO,ONTARIO,1992,1,,,0,,0,,0,,29,25,7,,41,31,18,,,,,
-78.13001,44.46279666666667,44.463,-78.130,WARSAW,616RKR0,6912.1992.2,1992-02,2014-07-31 11:53:34,ON,ONTARIO,ONTARIO,1992,2,,,0,,0,,0,,33,29,8,,33,29,36,,,,,
-78.13001,44.46279666666667,44.463,-78.130,WARSAW,616RKR0,6912.1992.3,1992-03,2014-07-31 11:53:34,ON,ONTARIO,ONTARIO,1992,3,,,0,,0,,0,,25,22,6,,32,31,8,,,,,
-78.13001,44.46279666666667,44.463,-78.130,WARSAW,616RKR0,6912.1992.4,1992-04,2014-07-31 11:53:34,ON,ONTARIO,ONTARIO,1992,4,,,0,,0,,0,,25,27,6,,14,30,0,,,,,
-78.13001,44.46279666666667,44.463,-78.130,WARSAW,616RKR0,6912.1992.5,1992-05,2014-07-31 11:53:34,ON,ONTARIO,ONTARIO,1992,5,,,0,,0,,0,,58.8,31,7,,0,31,0,,,,,
-78.13001,44.46279666666667,44.463,-78.130,WARSAW,616RKR0,6912.1992.6,1992-06,2014-07-31 11:53:34,ON,ONTARIO,ONTARIO,1992,6,,,0,,0,,0,,31.6,30,9,,0,30,0,,,,,
-78.13001,44.46279666666667,44.463,-78.130,WARSAW,616RKR0,6912.1992.7,1992-07,2014-07-31 11:53:34,ON,ONTARIO,ONTARIO,1992,7,,,0,,0,,0,,84.2,31,13,,0,31,0,,,,,
-78.13001,44.46279666666667,44.463,-78.130,WARSAW,616RKR0,6912.1992.8,1992-08,2014-07-31 11:53:34,ON,ONTARIO,ONTARIO,1992,8,,,0,,0,,0,,182.2,31,14,,0,31,0,,,,,
-78.13001,44.46279666666667,44.463,-78.130,WARSAW,616RKR0,6912.1992.9,1992-09,2014-07-31 11:53:34,ON,ONTARIO,ONTARIO,1992,9,,,0,,0,,0,,115.6,30,15,,0,30,0,,,,,
-78.13001,44.46279666666667,44.463,-78.130,WARSAW,616RKR0,6912.1992.10,1992-10,2014-07-31 11:53:34,ON,ONTARIO,ONTARIO,1992,10,,,0,,0,,0,,71.2,31,11,,26.2,31,0,,,,,
-78.13001,44.46279666666667,44.463,-78.130,WARSAW,616RKR0,6912.1992.11,1992-11,2014-07-31 11:53:34,ON,ONTARIO,ONTARIO,1992,11,,,0,,0,,0,,104.2,30,11,,15.8,30,,,,,,
-78.13001,44.46279666666667,44.463,-78.130,WARSAW,616RKR0,6912.1992.12,1992-12,2014-07-31 11:53:34,ON,ONTARIO,ONTARIO,1992,12,,,0,,0,,0,,90.6,31,11,,68.6,31,10,,,,,
-78.13001,44.46279666666667,44.463,-78.130,WARSAW,616RKR0,6912.1993.1,1993-01,2014-07-31 11:53:34,ON,ONTARIO,ONTARIO,1993,1,,,0,,0,,0,,111,31,18,,42,31,22,,,,,
-78.13001,44.46279666666667,44.463,-78.130,WARSAW,616RKR0,6912.1993.2,1993-02,2014-07-31 11:53:34,ON,ONTARIO,ONTARIO,1993,2,,,0,,0,,0,,45.4,28,10,,45.4,28,39,,,,,
-78.13001,44.46279666666667,44.463,-78.130,WARSAW,616RKR0,6912.1993.3,1993-03,2014-07-31 11:53:34,ON,ONTARIO,ONTARIO,1993,3,,,0,,0,,0,,36.4,28,9,,45.4,31,6,,,,,
-78.13001,44.46279666666667,44.463,-78.130,WARSAW,616RKR0,6912.1993.4,1993-04,2014-07-31 11:53:34,ON,ONTARIO,ONTARIO,1993,4,,,0,,0,,0,,86,30,16,,11,30,0,,,,,
-78.13001,44.46279666666667,44.463,-78.130,WARSAW,616RKR0,6912.1993.5,1993-05,2014-07-31 11:53:34,ON,ONTARIO,ONTARIO,1993,5,,,0,,0,,0,,65.4,31,10,,0,31,0,,,,,
-78.13001,44.46279666666667,44.463,-78.130,WARSAW,616RKR0,6912.1993.6,1993-06,2014-07-31 11:53:34,ON,ONTARIO,ONTARIO,1993,6,,,0,,0,,0,,102,30,14,,0,30,0,,,,,
-78.13001,44.46279666666667,44.463,-78.130,WARSAW,616RKR0,6912.1993.7,1993-07,2014-07-31 11:53:34,ON,ONTARIO,ONTARIO,1993,7,,,0,,0,,0,,77,31,11,,0,31,0,,,,,
-78.13001,44.46279666666667,44.463,-78.130,WARSAW,616RKR0,6912.1993.8,1993-08,2014-07-31 11:53:34,ON,ONTARIO,ONTARIO,1993,8,,,0,,0,,0,,107,31,18,,0,31,0,,,,,
-78.13001,44.46279666666667,44.463,-78.130,WARSAW,616RKR0,6912.1993.9,1993-09,2014-07-31 11:53:34,ON,ONTARIO,ONTARIO,1993,9,,,0,,0,,0,,91,30,15,,0,30,0,,,,,
-78.13001,44.46279666666667,44.463,-78.130,WARSAW,616RKR0,6912.1993.10,1993-10,2014-07-31 11:53:34,ON,ONTARIO,ONTARIO,1993,10,,,0,,0,,0,,93,31,12,,1,31,0,,,,,
-78.13001,44.46279666666667,44.463,-78.130,WARSAW,616RKR0,6912.1993.11,1993-11,2014-07-31 11:53:34,ON,ONTARIO,ONTARIO,1993,11,,,0,,0,,0,,75,30,11,,8,30,0,,,,,
-78.13001,44.46279666666667,44.463,-78.130,WARSAW,616RKR0,6912.1993.12,1993-12,2014-07-31 11:53:34,ON,ONTARIO,ONTARIO,1993,12,,,0,,0,,0,,50,31,15,,25,31,12,,,,,
-78.13001,44.46279666666667,44.463,-78.130,WARSAW,616RKR0,6912.1994.1,1994-01,2014-07-31 11:53:34,ON,ONTARIO,ONTARIO,1994,1,,,0,,0,,0,,48.8,31,15,,40,31,31,,,,,
-78.13001,44.46279666666667,44.463,-78.130,WARSAW,616RKR0,6912.1994.2,1994-02,2014-07-31 11:53:34,ON,ONTARIO,ONTARIO,1994,2,,,0,,0,,0,,26,28,8,,26,28,17,,,,,
-78.13001,44.46279666666667,44.463,-78.130,WARSAW,616RKR0,6912.1994.3,1994-03,2014-07-31 11:53:34,ON,ONTARIO,ONTARIO,1994,3,,,0,,0,,0,,48,31,11,,32,31,6,,,,,
-78.13001,44.46279666666667,44.463,-78.130,WARSAW,616RKR0,6912.1994.4,1994-04,2014-07-31 11:53:34,ON,ONTARIO,ONTARIO,1994,4,,,0,,0,,0,,71,30,14,,12,30,,,,,,
-78.13001,44.46279666666667,44.463,-78.130,WARSAW,616RKR0,6912.1994.5,1994-05,2014-07-31 11:53:34,ON,ONTARIO,ONTARIO,1994,5,,,0,,0,,0,,136,31,13,,0,31,0,,,,,
-78.13001,44.46279666666667,44.463,-78.130,WARSAW,616RKR0,6912.1994.6,1994-06,2014-07-31 11:53:34,ON,ONTARIO,ONTARIO,1994,6,,,0,,0,,0,,29.5,30,9,,0,30,0,,,,,
-78.13001,44.46279666666667,44.463,-78.130,WARSAW,616RKR0,6912.1994.7,1994-07,2014-07-31 11:53:34,ON,ONTARIO,ONTARIO,1994,7,,,0,,0,,0,,48,31,9,,0,31,0,,,,,
-78.13001,44.46279666666667,44.463,-78.130,WARSAW,616RKR0,6912.1994.8,1994-08,2014-07-31 11:53:34,ON,ONTARIO,ONTARIO,1994,8,,,0,,0,,0,,66,31,10,,0,31,0,,,,,
-78.13001,44.46279666666667,44.463,-78.130,WARSAW,616RKR0,6912.1994.9,1994-09,2014-07-31 11:53:34,ON,ONTARIO,ONTARIO,1994,9,,,0,,0,,0,,62,30,11,,0,30,0,,,,,
-78.13001,44.46279666666667,44.463,-78.130,WARSAW,616RKR0,6912.1994.10,1994-10,2014-07-31 11:53:34,ON,ONTARIO,ONTARIO,1994,10,,,0,,0,,0,,31.4,31,9,,0,31,0,,,,,
-78.13001,44.46279666666667,44.463,-78.130,WARSAW,616RKR0,6912.1994.11,1994-11,2014-07-31 11:53:34,ON,ONTARIO,ONTARIO,1994,11,,,0,,0,,0,,81.6,30,12,,20.6,30,3,,,,,
-78.13001,44.46279666666667,44.463,-78.130,WARSAW,616RKR0,6912.1994.12,1994-12,2014-07-31 11:53:34,ON,ONTARIO,ONTARIO,1994,12,,,0,,0,,0,,59.2,31,11,,35.2,31,7,,,,,
-78.13001,44.46279666666667,44.463,-78.130,WARSAW,616RKR0,6912.1995.1,1995-01,2014-07-31 11:53:34,ON,ONTARIO,ONTARIO,1995,1,,,0,,0,,0,,144.4,31,15,,49.2,31,14,,,,,
-78.13001,44.46279666666667,44.463,-78.130,WARSAW,616RKR0,6912.1995.2,1995-02,2014-07-31 11:53:34,ON,ONTARIO,ONTARIO,1995,2,,,0,,0,,0,,30.4,28,7,,22,28,21,,,,,
-78.13001,44.46279666666667,44.463,-78.130,WARSAW,616RKR0,6912.1995.3,1995-03,2014-07-31 11:53:34,ON,ONTARIO,ONTARIO,1995,3,,,0,,0,,0,,46.4,31,7,,11,31,0,,,,,
-78.13001,44.46279666666667,44.463,-78.130,WARSAW,616RKR0,6912.1995.4,1995-04,2014-07-31 11:53:34,ON,ONTARIO,ONTARIO,1995,4,,,0,,0,,0,,60.6,30,10,,4.2,30,0,,,,,
-78.13001,44.46279666666667,44.463,-78.130,WARSAW,616RKR0,6912.1995.5,1995-05,2014-07-31 11:53:34,ON,ONTARIO,ONTARIO,1995,5,,,0,,0,,0,,92,31,9,,0,31,0,,,,,
-78.13001,44.46279666666667,44.463,-78.130,WARSAW,616RKR0,6912.1995.6,1995-06,2014-07-31 11:53:34,ON,ONTARIO,ONTARIO,1995,6,,,0,,0,,0,,31.8,30,2,,0,30,0,,,,,
-78.13001,44.46279666666667,44.463,-78.130,WARSAW,616RKR0,6912.1995.7,1995-07,2014-07-31 11:53:34,ON,ONTARIO,ONTARIO,1995,7,,,0,,0,,0,,67.2,31,12,,0,31,0,,,,,
-78.13001,44.46279666666667,44.463,-78.130,WARSAW,616RKR0,6912.1995.8,1995-08,2014-07-31 11:53:34,ON,ONTARIO,ONTARIO,1995,8,,,0,,0,,0,,115.4,31,9,,0,31,0,,,,,
-78.13001,44.46279666666667,44.463,-78.130,WARSAW,616RKR0,6912.1995.9,1995-09,2014-07-31 11:53:34,ON,ONTARIO,ONTARIO,1995,9,,,0,,0,,0,,47.6,30,11,,0,30,0,,,,,
-78.13001,44.46279666666667,44.463,-78.130,WARSAW,616RKR0,6912.1995.10,1995-10,2014-07-31 11:53:34,ON,ONTARIO,ONTARIO,1995,10,,,0,,0,,0,,183.6,31,11,,0,31,,,,,,
-78.13001,44.46279666666667,44.463,-78.130,WARSAW,616RKR0,6912.1995.11,1995-11,2014-07-31 11:53:34,ON,ONTARIO,ONTARIO,1995,11,,,0,,0,,0,,166.7,30,17,,67.5,30,24,,,,,
-78.13001,44.46279666666667,44.463,-78.130,WARSAW,616RKR0,6912.1995.12,1995-12,2014-07-31 11:53:34,ON,ONTARIO,ONTARIO,1995,12,,,0,,0,,0,,27.6,31,12,,16.2,31,33,,,,,
-78.13001,44.46279666666667,44.463,-78.130,WARSAW,616RKR0,6912.1996.1,1996-01,2014-07-31 11:53:34,ON,ONTARIO,ONTARIO,1996,1,,,0,,0,,0,,98.8,31,9,,33.8,31,24,,,,,
-78.13001,44.46279666666667,44.463,-78.130,WARSAW,616RKR0,6912.1996.2,1996-02,2014-07-31 11:53:34,ON,ONTARIO,ONTARIO,1996,2,,,0,,0,,0,,54.4,29,8,,7.8,29,9,,,,,
-78.13001,44.46279666666667,44.463,-78.130,WARSAW,616RKR0,6912.1996.3,1996-03,2014-07-31 11:53:34,ON,ONTARIO,ONTARIO,1996,3,,,0,,0,,0,,42,31,12,,36.4,31,0,,,,,
-78.13001,44.46279666666667,44.463,-78.130,WARSAW,616RKR0,6912.1996.4,1996-04,2014-07-31 11:53:34,ON,ONTARIO,ONTARIO,1996,4,,,0,,0,,0,,100.2,30,13,,7,30,0,,,,,
-78.13001,44.46279666666667,44.463,-78.130,WARSAW,616RKR0,6912.1996.5,1996-05,2014-07-31 11:53:34,ON,ONTARIO,ONTARIO,1996,5,,,0,,0,,0,,86.4,31,9,,0,31,0,,,,,
-78.13001,44.46279666666667,44.463,-78.130,WARSAW,616RKR0,6912.1996.6,1996-06,2014-07-31 11:53:34,ON,ONTARIO,ONTARIO,1996,6,,,0,,0,,0,,98,30,16,,0,30,0,,,,,
-78.13001,44.46279666666667,44.463,-78.130,WARSAW,616RKR0,6912.1996.7,1996-07,2014-07-31 11:53:34,ON,ONTARIO,ONTARIO,1996,7,,,0,,0,,0,,104.6,31,9,,0,31,0,,,,,
-78.13001,44.46279666666667,44.463,-78.130,WARSAW,616RKR0,6912.1996.8,1996-08,2014-07-31 11:53:34,ON,ONTARIO,ONTARIO,1996,8,,,0,,0,,0,,77.2,31,7,,0,31,0,,,,,
-78.13001,44.46279666666667,44.463,-78.130,WARSAW,616RKR0,6912.1996.9,1996-09,2014-07-31 11:53:34,ON,ONTARIO,ONTARIO,1996,9,,,0,,0,,0,,210.8,30,12,,0,30,0,,,,,
-78.13001,44.46279666666667,44.463,-78.130,WARSAW,616RKR0,6912.1996.10,1996-10,2014-07-31 11:53:34,ON,ONTARIO,ONTARIO,1996,10,,,0,,0,,0,,58.8,31,12,,0.2,31,0,,,,,
-78.13001,44.46279666666667,44.463,-78.130,WARSAW,616RKR0,6912.1996.11,1996-11,2014-07-31 11:53:34,ON,ONTARIO,ONTARIO,1996,11,,,0,,0,,0,,67.6,30,12,,28,30,9,,,,,
-78.13001,44.46279666666667,44.463,-78.130,WARSAW,616RKR0,6912.1996.12,1996-12,2014-07-31 11:53:34,ON,ONTARIO,ONTARIO,1996,12,,,0,,0,,0,,107.2,31,19,,36.2,31,15,,,,,
-78.13001,44.46279666666667,44.463,-78.130,WARSAW,616RKR0,6912.1997.1,1997-01,2014-07-31 11:53:34,ON,ONTARIO,ONTARIO,1997,1,,,0,,0,,0,,88.8,31,20,,61.6,31,21,,,,,
-78.13001,44.46279666666667,44.463,-78.130,WARSAW,616RKR0,6912.1997.2,1997-02,2014-07-31 11:53:34,ON,ONTARIO,ONTARIO,1997,2,,,0,,0,,0,,98.6,28,17,,21.6,28,14,,,,,
-78.13001,44.46279666666667,44.463,-78.130,WARSAW,616RKR0,6912.1997.3,1997-03,2014-07-31 11:53:34,ON,ONTARIO,ONTARIO,1997,3,,,0,,0,,0,,83.2,31,13,,49.4,31,17,,,,,
-78.13001,44.46279666666667,44.463,-78.130,WARSAW,616RKR0,6912.1997.4,1997-04,2014-07-31 11:53:34,ON,ONTARIO,ONTARIO,1997,4,,,0,,0,,0,,59.1,30,12,,11.6,30,0,,,,,
-78.13001,44.46279666666667,44.463,-78.130,WARSAW,616RKR0,6912.1997.5,1997-05,2014-07-31 11:53:34,ON,ONTARIO,ONTARIO,1997,5,,,0,,0,,0,,75.4,31,15,,0,31,0,,,,,
-78.13001,44.46279666666667,44.463,-78.130,WARSAW,616RKR0,6912.1997.6,1997-06,2014-07-31 11:53:34,ON,ONTARIO,ONTARIO,1997,6,,,0,,0,,0,,86,30,10,,0,30,0,,,,,
-78.13001,44.46279666666667,44.463,-78.130,WARSAW,616RKR0,6912.1997.7,1997-07,2014-07-31 11:53:34,ON,ONTARIO,ONTARIO,1997,7,,,0,,0,,0,,53.6,31,6,,0,31,0,,,,,
-78.13001,44.46279666666667,44.463,-78.130,WARSAW,616RKR0,6912.1997.8,1997-08,2014-07-31 11:53:34,ON,ONTARIO,ONTARIO,1997,8,,,0,,0,,0,,94.5,31,10,,0,31,0,,,,,
-78.13001,44.46279666666667,44.463,-78.130,WARSAW,616RKR0,6912.1997.9,1997-09,2014-07-31 11:53:34,ON,ONTARIO,ONTARIO,1997,9,,,0,,0,,0,,104.1,30,9,,0,30,0,,,,,
-78.13001,44.46279666666667,44.463,-78.130,WARSAW,616RKR0,6912.1997.10,1997-10,2014-07-31 11:53:34,ON,ONTARIO,ONTARIO,1997,10,,,0,,0,,0,,54.2,31,10,,12,31,0,,,,,
-78.13001,44.46279666666667,44.463,-78.130,WARSAW,616RKR0,6912.1997.11,1997-11,2014-07-31 11:53:34,ON,ONTARIO,ONTARIO,1997,11,,,0,,0,,0,,78.4,30,14,,31.2,30,1,,,,,
-78.13001,44.46279666666667,44.463,-78.130,WARSAW,616RKR0,6912.1997.12,1997-12,2014-07-31 11:53:34,ON,ONTARIO,ONTARIO,1997,12,,,0,,0,,0,,42.2,31,10,,22,31,8,,,,,
-78.13001,44.46279666666667,44.463,-78.130,WARSAW,616RKR0,6912.1998.1,1998-01,2014-07-31 11:53:34,ON,ONTARIO,ONTARIO,1998,1,,,0,,0,,0,,126.2,31,19,,47.6,31,25,,,,,
-78.13001,44.46279666666667,44.463,-78.130,WARSAW,616RKR0,6912.1998.2,1998-02,2014-07-31 11:53:34,ON,ONTARIO,ONTARIO,1998,2,,,0,,0,,0,,39,28,6,,13.4,28,10,,,,,
-78.13001,44.46279666666667,44.463,-78.130,WARSAW,616RKR0,6912.1998.3,1998-03,2014-07-31 11:53:34,ON,ONTARIO,ONTARIO,1998,3,,,0,,0,,0,,95,31,16,,32.6,31,0,,,,,
-78.13001,44.46279666666667,44.463,-78.130,WARSAW,616RKR0,6912.1998.4,1998-04,2014-07-31 11:53:34,ON,ONTARIO,ONTARIO,1998,4,,,0,,0,,0,,45,30,4,,0,30,0,,,,,
-78.13001,44.46279666666667,44.463,-78.130,WARSAW,616RKR0,6912.1998.5,1998-05,2014-07-31 11:53:34,ON,ONTARIO,ONTARIO,1998,5,,,0,,0,,0,,45.8,31,8,,0,31,0,,,,,
-78.13001,44.46279666666667,44.463,-78.130,WARSAW,616RKR0,6912.1998.6,1998-06,2014-07-31 11:53:34,ON,ONTARIO,ONTARIO,1998,6,,,0,,0,,0,,141.6,30,9,,0,30,0,,,,,
-78.13001,44.46279666666667,44.463,-78.130,WARSAW,616RKR0,6912.1998.7,1998-07,2014-07-31 11:53:34,ON,ONTARIO,ONTARIO,1998,7,,,0,,0,,0,,42.2,31,8,,0,31,0,,,,,
-78.13001,44.46279666666667,44.463,-78.130,WARSAW,616RKR0,6912.1998.8,1998-08,2014-07-31 11:53:34,ON,ONTARIO,ONTARIO,1998,8,,,0,,0,,0,,77.2,31,7,,0,31,0,,,,,
-78.13001,44.46279666666667,44.463,-78.130,WARSAW,616RKR0,6912.1998.9,1998-09,2014-07-31 11:53:34,ON,ONTARIO,ONTARIO,1998,9,,,0,,0,,0,,60.8,30,9,,0,30,0,,,,,
-78.13001,44.46279666666667,44.463,-78.130,WARSAW,616RKR0,6912.1998.10,1998-10,2014-07-31 11:53:34,ON,ONTARIO,ONTARIO,1998,10,,,0,,0,,0,,42.4,31,6,,0,31,0,,,,,
-78.13001,44.46279666666667,44.463,-78.130,WARSAW,616RKR0,6912.1998.11,1998-11,2014-07-31 11:53:34,ON,ONTARIO,ONTARIO,1998,11,,,0,,0,,0,,50.2,30,10,,8.2,30,0,,,,,
-78.13001,44.46279666666667,44.463,-78.130,WARSAW,616RKR0,6912.1998.12,1998-12,2014-07-31 11:53:34,ON,ONTARIO,ONTARIO,1998,12,,,0,,0,,0,,65.6,31,12,,26.8,31,11,,,,,
-78.13001,44.46279666666667,44.463,-78.130,WARSAW,616RKR0,6912.1999.1,1999-01,2014-07-31 11:53:34,ON,ONTARIO,ONTARIO,1999,1,,,0,,0,,0,,81.2,31,18,,55,31,27,,,,,
-78.13001,44.46279666666667,44.463,-78.130,WARSAW,616RKR0,6912.1999.2,1999-02,2014-07-31 11:53:34,ON,ONTARIO,ONTARIO,1999,2,,,0,,0,,0,,26.1,28,8,,8.6,28,17,,,,,
-78.13001,44.46279666666667,44.463,-78.130,WARSAW,616RKR0,6912.1999.3,1999-03,2014-07-31 11:53:34,ON,ONTARIO,ONTARIO,1999,3,,,0,,0,,0,,36.2,31,8,,30.6,31,0,,,,,
-78.13001,44.46279666666667,44.463,-78.130,WARSAW,616RKR0,6912.1999.4,1999-04,2014-07-31 11:53:34,ON,ONTARIO,ONTARIO,1999,4,,,0,,0,,0,,37,30,5,,0,30,0,,,,,
-78.13001,44.46279666666667,44.463,-78.130,WARSAW,616RKR0,6912.1999.5,1999-05,2014-07-31 11:53:34,ON,ONTARIO,ONTARIO,1999,5,,,0,,0,,0,,80,31,8,,0.4,31,0,,,,,
-78.13001,44.46279666666667,44.463,-78.130,WARSAW,616RKR0,6912.1999.6,1999-06,2014-07-31 11:53:34,ON,ONTARIO,ONTARIO,1999,6,,,0,,0,,0,,45,30,6,,0,30,0,,,,,
-78.13001,44.46279666666667,44.463,-78.130,WARSAW,616RKR0,6912.1999.7,1999-07,2014-07-31 11:53:34,ON,ONTARIO,ONTARIO,1999,7,,,0,,0,,0,,104.6,31,8,,0,31,0,,,,,
-78.13001,44.46279666666667,44.463,-78.130,WARSAW,616RKR0,6912.1999.8,1999-08,2014-07-31 11:53:34,ON,ONTARIO,ONTARIO,1999,8,,,0,,0,,0,,66,31,9,,0,31,0,,,,,
-78.13001,44.46279666666667,44.463,-78.130,WARSAW,616RKR0,6912.1999.9,1999-09,2014-07-31 11:53:34,ON,ONTARIO,ONTARIO,1999,9,,,0,,0,,0,,199.8,30,10,,0,30,0,,,,,
-78.13001,44.46279666666667,44.463,-78.130,WARSAW,616RKR0,6912.1999.10,1999-10,2014-07-31 11:53:34,ON,ONTARIO,ONTARIO,1999,10,,,0,,0,,0,,93.2,31,12,,0,31,0,,,,,
-78.13001,44.46279666666667,44.463,-78.130,WARSAW,616RKR0,6912.1999.11,1999-11,2014-07-31 11:53:34,ON,ONTARIO,ONTARIO,1999,11,,,0,,0,,0,,123.8,30,8,,20.8,30,,,,,,
-78.13001,44.46279666666667,44.463,-78.130,WARSAW,616RKR0,6912.1999.12,1999-12,2014-07-31 11:53:34,ON,ONTARIO,ONTARIO,1999,12,,,0,,0,,0,,54,31,14,,21.4,31,6,,,,,
-78.13001,44.46279666666667,44.463,-78.130,WARSAW,616RKR0,6912.2000.1,2000-01,2014-07-31 11:53:34,ON,ONTARIO,ONTARIO,2000,1,,,0,,0,,0,,51.6,31,10,,17.8,31,10,,,,,
-78.13001,44.46279666666667,44.463,-78.130,WARSAW,616RKR0,6912.2000.2,2000-02,2014-07-31 11:53:34,ON,ONTARIO,ONTARIO,2000,2,,,0,,0,,0,,53.6,29,12,,42.2,29,0,,,,,
-78.13001,44.46279666666667,44.463,-78.130,WARSAW,616RKR0,6912.2000.3,2000-03,2014-07-31 11:53:34,ON,ONTARIO,ONTARIO,2000,3,,,0,,0,,0,,56.2,31,9,,14.6,31,0,,,,,
-78.13001,44.46279666666667,44.463,-78.130,WARSAW,616RKR0,6912.2000.4,2000-04,2014-07-31 11:53:34,ON,ONTARIO,ONTARIO,2000,4,,,0,,0,,0,,67.2,30,9,,13.2,30,0,,,,,
-78.13001,44.46279666666667,44.463,-78.130,WARSAW,616RKR0,6912.2000.5,2000-05,2014-07-31 11:53:34,ON,ONTARIO,ONTARIO,2000,5,,,0,,0,,0,,161.8,31,14,,0,31,0,,,,,
-78.13001,44.46279666666667,44.463,-78.130,WARSAW,616RKR0,6912.2000.6,2000-06,2014-07-31 11:53:34,ON,ONTARIO,ONTARIO,2000,6,,,0,,0,,0,,150.6,30,17,,0,30,0,,,,,
-78.13001,44.46279666666667,44.463,-78.130,WARSAW,616RKR0,6912.2000.7,2000-07,2014-07-31 11:53:34,ON,ONTARIO,ONTARIO,2000,7,,,0,,0,,0,,85.4,31,11,,0,31,0,,,,,
-78.13001,44.46279666666667,44.463,-78.130,WARSAW,616RKR0,6912.2000.8,2000-08,2014-07-31 11:53:34,ON,ONTARIO,ONTARIO,2000,8,,,0,,0,,0,,55.4,31,11,,0,31,0,,,,,
-78.13001,44.46279666666667,44.463,-78.130,WARSAW,616RKR0,6912.2000.9,2000-09,2014-07-31 11:53:34,ON,ONTARIO,ONTARIO,2000,9,,,0,,0,,0,,73.6,30,8,,0,30,0,,,,,
-78.13001,44.46279666666667,44.463,-78.130,WARSAW,616RKR0,6912.2000.10,2000-10,2014-07-31 11:53:34,ON,ONTARIO,ONTARIO,2000,10,,,0,,0,,0,,40.2,31,8,,0,31,0,,,,,
-78.13001,44.46279666666667,44.463,-78.130,WARSAW,616RKR0,6912.2000.11,2000-11,2014-07-31 11:53:34,ON,ONTARIO,ONTARIO,2000,11,,,0,,0,,0,,72.6,30,13,,10,30,0,,,,,
-78.13001,44.46279666666667,44.463,-78.130,WARSAW,616RKR0,6912.2000.12,2000-12,2014-07-31 11:53:34,ON,ONTARIO,ONTARIO,2000,12,,,0,,0,,0,,88.6,31,12,,69,31,30,,,,,
-78.13001,44.46279666666667,44.463,-78.130,WARSAW,616RKR0,6912.2001.1,2001-01,2014-07-31 11:53:34,ON,ONTARIO,ONTARIO,2001,1,,,0,,0,,0,,67.2,31,14,,58,31,45,,,,,
-78.13001,44.46279666666667,44.463,-78.130,WARSAW,616RKR0,6912.2001.2,2001-02,2014-07-31 11:53:34,ON,ONTARIO,ONTARIO,2001,2,,,0,,0,,0,,98.4,28,16,,61.2,28,48,,,,,
-78.13001,44.46279666666667,44.463,-78.130,WARSAW,616RKR0,6912.2001.3,2001-03,2014-07-31 11:53:34,ON,ONTARIO,ONTARIO,2001,3,,,0,,0,,0,,48.2,31,9,,31.2,31,30,,,,,
-78.13001,44.46279666666667,44.463,-78.130,WARSAW,616RKR0,6912.2001.4,2001-04,2014-07-31 11:53:34,ON,ONTARIO,ONTARIO,2001,4,,,0,,0,,0,,26.6,30,7,,0.6,30,0,,,,,
-78.13001,44.46279666666667,44.463,-78.130,WARSAW,616RKR0,6912.2001.5,2001-05,2014-07-31 11:53:34,ON,ONTARIO,ONTARIO,2001,5,,,0,,0,,0,,80.6,31,12,,0,31,0,,,,,
-78.13001,44.46279666666667,44.463,-78.130,WARSAW,616RKR0,6912.2001.6,2001-06,2014-07-31 11:53:34,ON,ONTARIO,ONTARIO,2001,6,,,0,,0,,0,,65,30,9,,0,30,0,,,,,
-78.13001,44.46279666666667,44.463,-78.130,WARSAW,616RKR0,6912.2001.7,2001-07,2014-07-31 11:53:34,ON,ONTARIO,ONTARIO,2001,7,,,0,,0,,0,,17,31,4,,0,31,0,,,,,
-78.13001,44.46279666666667,44.463,-78.130,WARSAW,616RKR0,6912.2001.8,2001-08,2014-07-31 11:53:34,ON,ONTARIO,ONTARIO,2001,8,,,0,,0,,0,,97.4,31,11,,0,31,0,,,,,
-78.13001,44.46279666666667,44.463,-78.130,WARSAW,616RKR0,6912.2001.9,2001-09,2014-07-31 11:53:34,ON,ONTARIO,ONTARIO,2001,9,,,0,,0,,0,,105.4,30,11,,0,30,0,,,,,
-78.13001,44.46279666666667,44.463,-78.130,WARSAW,616RKR0,6912.2001.10,2001-10,2014-07-31 11:53:34,ON,ONTARIO,ONTARIO,2001,10,,,0,,0,,0,,124.6,31,14,,0,31,0,,,,,
-78.13001,44.46279666666667,44.463,-78.130,WARSAW,616RKR0,6912.2001.11,2001-11,2014-07-31 11:53:34,ON,ONTARIO,ONTARIO,2001,11,,,0,,0,,0,,105,30,11,,1.4,30,0,,,,,
-78.13001,44.46279666666667,44.463,-78.130,WARSAW,616RKR0,6912.2001.12,2001-12,2014-07-31 11:53:34,ON,ONTARIO,ONTARIO,2001,12,,,0,,0,,0,,76.6,31,16,,29.4,31,7,,,,,
-78.13001,44.46279666666667,44.463,-78.130,WARSAW,616RKR0,6912.2002.1,2002-01,2014-07-31 11:53:34,ON,ONTARIO,ONTARIO,2002,1,,,0,,0,,0,,49.6,31,12,,44.6,31,11,,,,,
-78.13001,44.46279666666667,44.463,-78.130,WARSAW,616RKR0,6912.2002.2,2002-02,2014-07-31 11:53:34,ON,ONTARIO,ONTARIO,2002,2,,,0,,0,,0,,53.6,28,13,,23.8,28,17,,,,,
-78.13001,44.46279666666667,44.463,-78.130,WARSAW,616RKR0,6912.2002.3,2002-03,2014-07-31 11:53:34,ON,ONTARIO,ONTARIO,2002,3,,,0,,0,,0,,86.4,31,15,,35.6,31,0,,,,,
-78.13001,44.46279666666667,44.463,-78.130,WARSAW,616RKR0,6912.2002.4,2002-04,2014-07-31 11:53:34,ON,ONTARIO,ONTARIO,2002,4,,,0,,0,,0,,112.1,30,17,,53.3,30,0,,,,,
-78.13001,44.46279666666667,44.463,-78.130,WARSAW,616RKR0,6912.2002.5,2002-05,2014-07-31 11:53:34,ON,ONTARIO,ONTARIO,2002,5,,,0,,0,,0,,142.2,31,12,,1,31,0,,,,,
-78.13001,44.46279666666667,44.463,-78.130,WARSAW,616RKR0,6912.2002.6,2002-06,2014-07-31 11:53:34,ON,ONTARIO,ONTARIO,2002,6,,,0,,0,,0,,152.2,30,12,,0,30,0,,,,,
-78.13001,44.46279666666667,44.463,-78.130,WARSAW,616RKR0,6912.2002.7,2002-07,2014-07-31 11:53:34,ON,ONTARIO,ONTARIO,2002,7,,,0,,0,,0,,152.4,31,5,,0,31,0,,,,,
-78.13001,44.46279666666667,44.463,-78.130,WARSAW,616RKR0,6912.2002.8,2002-08,2014-07-31 11:53:34,ON,ONTARIO,ONTARIO,2002,8,,,0,,0,,0,,114.4,31,5,,0,31,0,,,,,
-78.13001,44.46279666666667,44.463,-78.130,WARSAW,616RKR0,6912.2002.9,2002-09,2014-07-31 11:53:34,ON,ONTARIO,ONTARIO,2002,9,,,0,,0,,0,,46.4,30,5,,0,30,0,,,,,
-78.13001,44.46279666666667,44.463,-78.130,WARSAW,616RKR0,6912.2002.10,2002-10,2014-07-31 11:53:34,ON,ONTARIO,ONTARIO,2002,10,,,0,,0,,0,,83.6,31,14,,1.2,31,0,,,,,
-78.13001,44.46279666666667,44.463,-78.130,WARSAW,616RKR0,6912.2002.11,2002-11,2014-07-31 11:53:34,ON,ONTARIO,ONTARIO,2002,11,,,0,,0,,0,,62.6,30,16,,25,30,7,,,,,
-78.13001,44.46279666666667,44.463,-78.130,WARSAW,616RKR0,6912.2002.12,2002-12,2014-07-31 11:53:34,ON,ONTARIO,ONTARIO,2002,12,,,0,,0,,0,,18.2,31,10,,13,31,0,,,,,
-78.13001,44.46279666666667,44.463,-78.130,WARSAW,616RKR0,6912.2003.1,2003-01,2014-07-31 11:53:34,ON,ONTARIO,ONTARIO,2003,1,,,0,,0,,0,,47,31,18,,47,31,21,,,,,
-78.13001,44.46279666666667,44.463,-78.130,WARSAW,616RKR0,6912.2003.2,2003-02,2014-07-31 11:53:34,ON,ONTARIO,ONTARIO,2003,2,,,0,,0,,0,,40.6,28,9,,33,28,37,,,,,
-78.13001,44.46279666666667,44.463,-78.130,WARSAW,616RKR0,6912.2003.3,2003-03,2014-07-31 11:53:34,ON,ONTARIO,ONTARIO,2003,3,,,0,,0,,0,,71,31,11,,35.2,31,0,,,,,
-78.13001,44.46279666666667,44.463,-78.130,WARSAW,616RKR0,6912.2003.4,2003-04,2014-07-31 11:53:34,ON,ONTARIO,ONTARIO,2003,4,,,0,,0,,0,,47.6,30,10,,27,30,0,,,,,
-78.13001,44.46279666666667,44.463,-78.130,WARSAW,616RKR0,6912.2003.5,2003-05,2014-07-31 11:53:34,ON,ONTARIO,ONTARIO,2003,5,,,0,,0,,0,,132.2,31,16,,0,31,0,,,,,
-78.13001,44.46279666666667,44.463,-78.130,WARSAW,616RKR0,6912.2003.6,2003-06,2014-07-31 11:53:34,ON,ONTARIO,ONTARIO,2003,6,,,0,,0,,0,,97.2,30,8,,0,30,0,,,,,
-78.13001,44.46279666666667,44.463,-78.130,WARSAW,616RKR0,6912.2003.7,2003-07,2014-07-31 11:53:34,ON,ONTARIO,ONTARIO,2003,7,,,0,,0,,0,,40.8,31,9,,0,31,0,,,,,
-78.13001,44.46279666666667,44.463,-78.130,WARSAW,616RKR0,6912.2003.8,2003-08,2014-07-31 11:53:34,ON,ONTARIO,ONTARIO,2003,8,,,0,,0,,0,,38,31,7,,0,31,0,,,,,
-78.13001,44.46279666666667,44.463,-78.130,WARSAW,616RKR0,6912.2003.9,2003-09,2014-07-31 11:53:34,ON,ONTARIO,ONTARIO,2003,9,,,0,,0,,0,,101.8,30,10,,0,30,0,,,,,
-78.13001,44.46279666666667,44.463,-78.130,WARSAW,616RKR0,6912.2003.10,2003-10,2014-07-31 11:53:34,ON,ONTARIO,ONTARIO,2003,10,,,0,,0,,0,,119.4,31,17,,0,31,0,,,,,
-78.13001,44.46279666666667,44.463,-78.130,WARSAW,616RKR0,6912.2003.11,2003-11,2014-07-31 11:53:34,ON,ONTARIO,ONTARIO,2003,11,,,0,,0,,0,,148.6,30,16,,10,30,4,,,,,
-78.13001,44.46279666666667,44.463,-78.130,WARSAW,616RKR0,6912.2003.12,2003-12,2014-07-31 11:53:34,ON,ONTARIO,ONTARIO,2003,12,,,0,,0,,0,,73.8,31,10,,15.6,31,1,,,,,
-78.13001,44.46279666666667,44.463,-78.130,WARSAW,616RKR0,6912.2004.1,2004-01,2014-07-31 11:53:34,ON,ONTARIO,ONTARIO,2004,1,,,0,,0,,0,,59.8,31,16,,53.4,31,35,,,,,
-78.13001,44.46279666666667,44.463,-78.130,WARSAW,616RKR0,6912.2004.2,2004-02,2014-07-31 11:53:34,ON,ONTARIO,ONTARIO,2004,2,,,0,,0,,0,,34.4,29,5,,25,29,30,,,,,
-78.13001,44.46279666666667,44.463,-78.130,WARSAW,616RKR0,6912.2004.3,2004-03,2014-07-31 11:53:34,ON,ONTARIO,ONTARIO,2004,3,,,0,,0,,0,,47.6,31,15,,10,31,0,,,,,
-78.13001,44.46279666666667,44.463,-78.130,WARSAW,616RKR0,6912.2004.4,2004-04,2014-07-31 11:53:34,ON,ONTARIO,ONTARIO,2004,4,,,0,,0,,0,,93,30,15,,6,30,0,,,,,
-78.13001,44.46279666666667,44.463,-78.130,WARSAW,616RKR0,6912.2004.5,2004-05,2014-07-31 11:53:34,ON,ONTARIO,ONTARIO,2004,5,,,0,,0,,0,,127.8,31,12,,0,31,0,,,,,
-78.13001,44.46279666666667,44.463,-78.130,WARSAW,616RKR0,6912.2004.6,2004-06,2014-07-31 11:53:34,ON,ONTARIO,ONTARIO,2004,6,,,0,,0,,0,,51.8,30,12,,0,30,0,,,,,
-78.13001,44.46279666666667,44.463,-78.130,WARSAW,616RKR0,6912.2004.7,2004-07,2014-07-31 11:53:34,ON,ONTARIO,ONTARIO,2004,7,,,0,,0,,0,,144,31,16,,0,31,0,,,,,
-78.13001,44.46279666666667,44.463,-78.130,WARSAW,616RKR0,6912.2004.8,2004-08,2014-07-31 11:53:34,ON,ONTARIO,ONTARIO,2004,8,,,0,,0,,0,,61.6,31,10,,0,31,0,,,,,
-78.13001,44.46279666666667,44.463,-78.130,WARSAW,616RKR0,6912.2004.9,2004-09,2014-07-31 11:53:34,ON,ONTARIO,ONTARIO,2004,9,,,0,,0,,0,,53,30,3,,0,30,0,,,,,
-78.13001,44.46279666666667,44.463,-78.130,WARSAW,616RKR0,6912.2004.10,2004-10,2014-07-31 11:53:34,ON,ONTARIO,ONTARIO,2004,10,,,0,,0,,0,,78.6,31,9,,0,31,0,,,,,
-78.13001,44.46279666666667,44.463,-78.130,WARSAW,616RKR0,6912.2004.11,2004-11,2014-07-31 11:53:34,ON,ONTARIO,ONTARIO,2004,11,,,0,,0,,0,,90.2,30,10,,5.8,30,0,,,,,
-78.13001,44.46279666666667,44.463,-78.130,WARSAW,616RKR0,6912.2004.12,2004-12,2014-07-31 11:53:34,ON,ONTARIO,ONTARIO,2004,12,,,0,,0,,0,,118.6,31,19,,57.8,31,32,,,,,
-78.13001,44.46279666666667,44.463,-78.130,WARSAW,616RKR0,6912.2005.1,2005-01,2014-07-31 11:53:34,ON,ONTARIO,ONTARIO,2005,1,,,0,,0,,0,,66.8,31,11,,31.6,31,29,,,,,
-78.13001,44.46279666666667,44.463,-78.130,WARSAW,616RKR0,6912.2005.2,2005-02,2014-07-31 11:53:34,ON,ONTARIO,ONTARIO,2005,2,,,0,,0,,0,,44.8,28,12,,31,28,32,,,,,
-78.13001,44.46279666666667,44.463,-78.130,WARSAW,616RKR0,6912.2005.3,2005-03,2014-07-31 11:53:34,ON,ONTARIO,ONTARIO,2005,3,,,0,,0,,0,,21.4,31,5,,7.8,31,1,,,,,
-78.13001,44.46279666666667,44.463,-78.130,WARSAW,616RKR0,6912.2005.8,2005-08,2014-07-31 11:53:34,ON,ONTARIO,ONTARIO,2005,8,,,0,,0,,0,,112.4,31,9,,0,31,0,,,,,
-78.13001,44.46279666666667,44.463,-78.130,WARSAW,616RKR0,6912.2005.9,2005-09,2014-07-31 11:53:34,ON,ONTARIO,ONTARIO,2005,9,,,0,,0,,0,,121.4,30,9,,0,30,0,,,,,
-78.13001,44.46279666666667,44.463,-78.130,WARSAW,616RKR0,6912.2005.10,2005-10,2014-07-31 11:53:34,ON,ONTARIO,ONTARIO,2005,10,,,0,,0,,0,,53,31,13,,0,31,0,,,,,
-78.13001,44.46279666666667,44.463,-78.130,WARSAW,616RKR0,6912.2005.11,2005-11,2014-07-31 11:53:34,ON,ONTARIO,ONTARIO,2005,11,,,0,,0,,0,,119.3,30,13,,17.8,30,0,,,,,
-78.13001,44.46279666666667,44.463,-78.130,WARSAW,616RKR0,6912.2006.3,2006-03,2014-07-31 11:53:34,ON,ONTARIO,ONTARIO,2006,3,,,0,,0,,0,,56,31,7,,5,31,0,,,,,
-78.13001,44.46279666666667,44.463,-78.130,WARSAW,616RKR0,6912.2006.5,2006-05,2014-07-31 11:53:34,ON,ONTARIO,ONTARIO,2006,5,,,0,,0,,0,,75.8,31,11,,0,31,0,,,,,
-78.13001,44.46279666666667,44.463,-78.130,WARSAW,616RKR0,6912.2006.6,2006-06,2014-07-31 11:53:34,ON,ONTARIO,ONTARIO,2006,6,,,0,,0,,0,,106.4,30,11,,0,30,0,,,,,
-78.13001,44.46279666666667,44.463,-78.130,WARSAW,616RKR0,6912.2006.7,2006-07,2014-07-31 11:53:34,ON,ONTARIO,ONTARIO,2006,7,,,0,,0,,0,,89.2,31,11,,0,31,0,,,,,
-78.13001,44.46279666666667,44.463,-78.130,WARSAW,616RKR0,6912.2006.8,2006-08,2014-07-31 11:53:34,ON,ONTARIO,ONTARIO,2006,8,,,0,,0,,0,,31,31,5,,0,31,0,,,,,
-78.13001,44.46279666666667,44.463,-78.130,WARSAW,616RKR0,6912.2006.9,2006-09,2014-07-31 11:53:34,ON,ONTARIO,ONTARIO,2006,9,,,0,,0,,0,,97.2,30,14,,0,30,0,,,,,
-78.13001,44.46279666666667,44.463,-78.130,WARSAW,616RKR0,6912.2006.10,2006-10,2014-07-31 11:53:34,ON,ONTARIO,ONTARIO,2006,10,,,0,,0,,0,,167,31,13,,0,31,0,,,,,
-78.13001,44.46279666666667,44.463,-78.130,WARSAW,616RKR0,6912.2006.11,2006-11,2014-07-31 11:53:34,ON,ONTARIO,ONTARIO,2006,11,,,0,,0,,0,,113.8,30,14,,5,30,0,,,,,
-78.13001,44.46279666666667,44.463,-78.130,WARSAW,616RKR0,6912.2006.12,2006-12,2014-07-31 11:53:34,ON,ONTARIO,ONTARIO,2006,12,,,0,,0,,0,,72.7,31,10,,17,31,1,,,,,
-78.13001,44.46279666666667,44.463,-78.130,WARSAW,616RKR0,6912.2007.1,2007-01,2014-07-31 11:53:34,ON,ONTARIO,ONTARIO,2007,1,,,0,,0,,0,,61.8,31,17,,29,31,20,,,,,
-78.13001,44.46279666666667,44.463,-78.130,WARSAW,616RKR0,6912.2007.2,2007-02,2014-07-31 11:53:34,ON,ONTARIO,ONTARIO,2007,2,,,0,,0,,0,,28,28,10,,28,28,28,,,,,
-78.13001,44.46279666666667,44.463,-78.130,WARSAW,616RKR0,6912.2007.3,2007-03,2014-07-31 11:53:34,ON,ONTARIO,ONTARIO,2007,3,,,0,,0,,0,,32.4,31,11,,14,31,0,,,,,
-78.13001,44.46279666666667,44.463,-78.130,WARSAW,616RKR0,6912.2007.4,2007-04,2014-07-31 11:53:34,ON,ONTARIO,ONTARIO,2007,4,,,0,,0,,0,,49.4,29,5,,1.4,29,0,,,,,
-78.13001,44.46279666666667,44.463,-78.130,WARSAW,616RKR0,6912.2007.5,2007-05,2014-07-31 11:53:34,ON,ONTARIO,ONTARIO,2007,5,,,0,,0,,0,,50.6,31,7,,0,31,0,,,,,
-78.13001,44.46279666666667,44.463,-78.130,WARSAW,616RKR0,6912.2007.6,2007-06,2014-07-31 11:53:34,ON,ONTARIO,ONTARIO,2007,6,,,0,,0,,0,,80.6,30,9,,0,30,0,,,,,
-78.13001,44.46279666666667,44.463,-78.130,WARSAW,616RKR0,6912.2007.7,2007-07,2014-07-31 11:53:34,ON,ONTARIO,ONTARIO,2007,7,,,0,,0,,0,,77.6,31,6,,0,31,0,,,,,
-78.13001,44.46279666666667,44.463,-78.130,WARSAW,616RKR0,6912.2007.8,2007-08,2014-07-31 11:53:34,ON,ONTARIO,ONTARIO,2007,8,,,0,,0,,0,,55.2,31,7,,0,31,0,,,,,
-78.13001,44.46279666666667,44.463,-78.130,WARSAW,616RKR0,6912.2007.9,2007-09,2014-07-31 11:53:34,ON,ONTARIO,ONTARIO,2007,9,,,0,,0,,0,,39,30,5,,0,30,0,,,,,
-78.13001,44.46279666666667,44.463,-78.130,WARSAW,616RKR0,6912.2007.10,2007-10,2014-07-31 11:53:34,ON,ONTARIO,ONTARIO,2007,10,,,0,,0,,0,,60.4,31,14,,0,31,0,,,,,
-78.13001,44.46279666666667,44.463,-78.130,WARSAW,616RKR0,6912.2007.11,2007-11,2014-07-31 11:53:34,ON,ONTARIO,ONTARIO,2007,11,,,0,,0,,0,,182,30,15,,80,30,,,,,,
-78.13001,44.46279666666667,44.463,-78.130,WARSAW,616RKR0,6912.2007.12,2007-12,2014-07-31 11:53:34,ON,ONTARIO,ONTARIO,2007,12,,,0,,0,,0,,93.2,31,14,,54,31,24,,,,,
-78.13001,44.46279666666667,44.463,-78.130,WARSAW,616RKR0,6912.2008.1,2008-01,2014-08-08 09:50:32,ON,ONTARIO,ONTARIO,2008,1,,,0,,0,,0,,58.4,31,14,,32.4,31,11,,,,,
-78.13001,44.46279666666667,44.463,-78.130,WARSAW,616RKR0,6912.2008.2,2008-02,2014-07-31 11:53:34,ON,ONTARIO,ONTARIO,2008,2,,,0,,0,,0,,111.6,29,17,,94,29,42,,,,,
-78.13001,44.46279666666667,44.463,-78.130,WARSAW,616RKR0,6912.2008.3,2008-03,2014-07-31 11:53:34,ON,ONTARIO,ONTARIO,2008,3,,,0,,0,,0,,107.4,31,9,,67.6,31,47,,,,,
